Cook County, Illinois, Average Temperature
Units: Degrees Fahrenheit
Base Period: 1901-2000
Missing: -99
Date,Value,Anomaly
189501,15.1,-7.4
189502,14.4,-11.4
189503,32.6,-3.7
189504,49.8,2.3
189505,60.6,2.2
189506,71.8,3.5
189507,72.2,-1.1
189508,73.2,1.8
189509,68.4,4.3
189510,45.4,-7.2
189511,34.9,-4.0
189512,28.7,1.7
189601,26.5,4.0
189602,26.6,0.8
189603,31.5,-4.8
189604,54.2,6.7
189605,66.6,8.2
189606,69.1,0.8
189607,73.3,0.0
189608,72.7,1.3
189609,60.4,-3.7
189610,48.0,-4.6
189611,37.4,-1.5
189612,31.9,4.9
189701,22.0,-0.5
189702,28.4,2.6
189703,35.4,-0.9
189704,46.6,-0.9
189705,56.0,-2.4
189706,67.0,-1.3
189707,76.0,2.7
189708,69.1,-2.3
189709,69.5,5.4
189710,57.3,4.7
189711,37.3,-1.6
189712,23.5,-3.5
189801,26.9,4.4
189802,26.3,0.5
189803,40.4,4.1
189804,46.4,-1.1
189805,58.8,0.4
189806,70.8,2.5
189807,74.4,1.1
189808,71.6,0.2
189809,67.6,3.5
189810,50.5,-2.1
189811,35.0,-3.9
189812,24.0,-3.0
189901,23.4,0.9
189902,17.9,-7.9
189903,30.1,-6.2
189904,51.5,4.0
189905,60.4,2.0
189906,70.9,2.6
189907,74.0,0.7
189908,74.6,3.2
189909,63.6,-0.5
189910,56.8,4.2
189911,43.2,4.3
189912,27.4,0.4
190001,28.9,6.4
190002,19.7,-6.1
190003,29.6,-6.7
190004,49.3,1.8
190005,61.8,3.4
190006,68.0,-0.3
190007,73.2,-0.1
190008,77.0,5.6
190009,66.3,2.2
190010,59.5,6.9
190011,36.7,-2.2
190012,30.2,3.2
190101,24.4,1.9
190102,15.0,-10.8
190103,33.9,-2.4
190104,46.8,-0.7
190105,57.4,-1.0
190106,71.2,2.9
190107,79.4,6.1
190108,72.1,0.7
190109,63.7,-0.4
190110,53.6,1.0
190111,35.4,-3.5
190112,23.2,-3.8
190201,23.8,1.3
190202,18.4,-7.4
190203,39.6,3.3
190204,46.2,-1.3
190205,61.2,2.8
190206,65.3,-3.0
190207,73.1,-0.2
190208,67.9,-3.5
190209,60.1,-4.0
190210,53.3,0.7
190211,45.3,6.4
190212,24.9,-2.1
190301,22.8,0.3
190302,23.2,-2.6
190303,41.2,4.9
190304,48.4,0.9
190305,61.2,2.8
190306,63.1,-5.2
190307,72.2,-1.1
190308,68.3,-3.1
190309,62.7,-1.4
190310,51.5,-1.1
190311,35.1,-3.8
190312,18.6,-8.4
190401,15.3,-7.2
190402,16.0,-9.8
190403,34.7,-1.6
190404,41.9,-5.6
190405,58.2,-0.2
190406,67.0,-1.3
190407,71.2,-2.1
190408,67.4,-4.0
190409,63.7,-0.4
190410,52.2,-0.4
190411,40.3,1.4
190412,24.7,-2.3
190501,17.3,-5.2
190502,15.5,-10.3
190503,39.9,3.6
190504,47.0,-0.5
190505,58.0,-0.4
190506,67.9,-0.4
190507,71.0,-2.3
190508,72.0,0.6
190509,65.6,1.5
190510,51.3,-1.3
190511,37.9,-1.0
190512,29.1,2.1
190601,29.9,7.4
190602,25.9,0.1
190603,28.7,-7.6
190604,50.0,2.5
190605,59.2,0.8
190606,67.5,-0.8
190607,71.6,-1.7
190608,74.3,2.9
190609,67.5,3.4
190610,51.4,-1.2
190611,37.8,-1.1
190612,30.0,3.0
190701,25.3,2.8
190702,24.8,-1.0
190703,42.6,6.3
190704,39.6,-7.9
190705,51.7,-6.7
190706,65.7,-2.6
190707,72.3,-1.0
190708,69.0,-2.4
190709,62.0,-2.1
190710,48.9,-3.7
190711,36.6,-2.3
190712,30.0,3.0
190801,25.9,3.4
190802,24.1,-1.7
190803,38.7,2.4
190804,48.2,0.7
190805,58.9,0.5
190806,67.4,-0.9
190807,72.9,-0.4
190808,70.3,-1.1
190809,68.0,3.9
190810,52.4,-0.2
190811,39.3,0.4
190812,28.2,1.2
190901,26.6,4.1
190902,30.2,4.4
190903,34.6,-1.7
190904,44.1,-3.4
190905,56.3,-2.1
190906,66.9,-1.4
190907,70.8,-2.5
190908,73.5,2.1
190909,61.3,-2.8
190910,47.3,-5.3
190911,45.9,7.0
190912,18.6,-8.4
191001,21.8,-0.7
191002,21.4,-4.4
191003,46.4,10.1
191004,49.8,2.3
191005,53.1,-5.3
191006,67.6,-0.7
191007,75.8,2.5
191008,71.7,0.3
191009,62.8,-1.3
191010,55.4,2.8
191011,33.2,-5.7
191012,23.6,-3.4
191101,25.6,3.1
191102,30.5,4.7
191103,37.6,1.3
191104,45.5,-2.0
191105,64.8,6.4
191106,72.1,3.8
191107,74.2,0.9
191108,70.3,-1.1
191109,65.5,1.4
191110,50.6,-2.0
191111,33.4,-5.5
191112,32.0,5.0
191201,9.0,-13.5
191202,18.8,-7.0
191203,26.2,-10.1
191204,48.5,1.0
191205,60.2,1.8
191206,65.7,-2.6
191207,72.7,-0.6
191208,69.2,-2.2
191209,65.0,0.9
191210,52.5,-0.1
191211,39.9,1.0
191212,31.8,4.8
191301,26.4,3.9
191302,22.4,-3.4
191303,33.3,-3.0
191304,49.1,1.6
191305,58.0,-0.4
191306,70.1,1.8
191307,74.3,1.0
191308,73.1,1.7
191309,63.2,-0.9
191310,51.3,-1.3
191311,44.7,5.8
191312,34.7,7.7
191401,30.5,8.0
191402,16.9,-8.9
191403,35.0,-1.3
191404,48.4,0.9
191405,61.0,2.6
191406,69.0,0.7
191407,74.6,1.3
191408,72.6,1.2
191409,63.7,-0.4
191410,56.4,3.8
191411,41.0,2.1
191412,20.7,-6.3
191501,18.8,-3.7
191502,32.4,6.6
191503,32.8,-3.5
191504,55.4,7.9
191505,54.0,-4.4
191506,64.3,-4.0
191507,69.2,-4.1
191508,65.2,-6.2
191509,65.0,0.9
191510,53.4,0.8
191511,41.4,2.5
191512,26.1,-0.9
191601,26.7,4.2
191602,22.1,-3.7
191603,32.7,-3.6
191604,47.2,-0.3
191605,58.8,0.4
191606,62.7,-5.6
191607,78.5,5.2
191608,74.6,3.2
191609,62.2,-1.9
191610,51.8,-0.8
191611,39.8,0.9
191612,23.3,-3.7
191701,20.9,-1.6
191702,18.1,-7.7
191703,37.1,0.8
191704,44.6,-2.9
191705,52.0,-6.4
191706,63.9,-4.4
191707,72.3,-1.0
191708,69.2,-2.2
191709,61.5,-2.6
191710,43.1,-9.5
191711,39.9,1.0
191712,19.4,-7.6
191801,9.2,-13.3
191802,25.3,-0.5
191803,41.8,5.5
191804,43.8,-3.7
191805,63.0,4.6
191806,67.6,-0.7
191807,70.9,-2.4
191808,75.3,3.9
191809,57.5,-6.6
191810,54.8,2.2
191811,40.3,1.4
191812,34.5,7.5
191901,27.4,4.9
191902,28.4,2.6
191903,37.9,1.6
191904,48.1,0.6
191905,55.8,-2.6
191906,72.7,4.4
191907,76.7,3.4
191908,71.7,0.3
191909,66.8,2.7
191910,54.9,2.3
191911,36.3,-2.6
191912,18.4,-8.6
192001,15.8,-6.7
192002,23.8,-2.0
192003,37.8,1.5
192004,41.7,-5.8
192005,55.8,-2.6
192006,69.1,0.8
192007,71.1,-2.2
192008,69.7,-1.7
192009,66.9,2.8
192010,57.9,5.3
192011,37.1,-1.8
192012,29.8,2.8
192101,29.6,7.1
192102,31.5,5.7
192103,44.9,8.6
192104,52.4,4.9
192105,61.8,3.4
192106,73.8,5.5
192107,79.0,5.7
192108,71.7,0.3
192109,67.5,3.4
192110,52.8,0.2
192111,37.3,-1.6
192112,29.4,2.4
192201,21.7,-0.8
192202,27.7,1.9
192203,38.2,1.9
192204,48.0,0.5
192205,63.6,5.2
192206,69.9,1.6
192207,71.8,-1.5
192208,72.1,0.7
192209,67.2,3.1
192210,55.2,2.6
192211,41.6,2.7
192212,26.9,-0.1
192301,27.4,4.9
192302,20.0,-5.8
192303,31.5,-4.8
192304,46.2,-1.3
192305,56.1,-2.3
192306,70.9,2.6
192307,74.0,0.7
192308,70.0,-1.4
192309,64.1,0.0
192310,49.3,-3.3
192311,40.0,1.1
192312,36.7,9.7
192401,16.6,-5.9
192402,25.8,0.0
192403,33.2,-3.1
192404,47.7,0.2
192405,52.7,-5.7
192406,65.2,-3.1
192407,69.2,-4.1
192408,70.1,-1.3
192409,59.0,-5.1
192410,56.8,4.2
192411,39.5,0.6
192412,20.3,-6.7
192501,21.1,-1.4
192502,30.2,4.4
192503,38.9,2.6
192504,53.0,5.5
192505,54.6,-3.8
192506,70.5,2.2
192507,72.4,-0.9
192508,72.0,0.6
192509,69.2,5.1
192510,42.6,-10.0
192511,35.4,-3.5
192512,22.0,-5.0
192601,24.5,2.0
192602,29.2,3.4
192603,29.4,-6.9
192604,41.0,-6.5
192605,58.9,0.5
192606,63.7,-4.6
192607,71.7,-1.6
192608,72.2,0.8
192609,62.7,-1.4
192610,49.9,-2.7
192611,33.8,-5.1
192612,24.0,-3.0
192701,22.0,-0.5
192702,32.9,7.1
192703,40.3,4.0
192704,46.9,-0.6
192705,55.7,-2.7
192706,64.2,-4.1
192707,71.3,-2.0
192708,65.8,-5.6
192709,67.6,3.5
192710,55.8,3.2
192711,41.8,2.9
192712,25.6,-1.4
192801,24.0,1.5
192802,29.1,3.3
192803,35.8,-0.5
192804,43.5,-4.0
192805,57.9,-0.5
192806,62.7,-5.6
192807,72.4,-0.9
192808,71.7,0.3
192809,59.9,-4.2
192810,53.3,0.7
192811,39.8,0.9
192812,29.9,2.9
192901,15.0,-7.5
192902,18.8,-7.0
192903,41.8,5.5
192904,49.7,2.2
192905,55.8,-2.6
192906,64.1,-4.2
192907,73.0,-0.3
192908,69.3,-2.1
192909,63.1,-1.0
192910,49.9,-2.7
192911,33.6,-5.3
192912,26.2,-0.8
193001,17.2,-5.3
193002,35.2,9.4
193003,34.6,-1.7
193004,48.5,1.0
193005,59.8,1.4
193006,68.4,0.1
193007,73.5,0.2
193008,72.4,1.0
193009,65.2,1.1
193010,48.8,-3.8
193011,39.8,0.9
193012,27.2,0.2
193101,29.4,6.9
193102,33.6,7.8
193103,33.4,-2.9
193104,48.1,0.6
193105,54.6,-3.8
193106,71.3,3.0
193107,75.9,2.6
193108,72.2,0.8
193109,69.7,5.6
193110,56.0,3.4
193111,47.2,8.3
193112,36.0,9.0
193201,31.4,8.9
193202,32.6,6.8
193203,28.2,-8.1
193204,46.1,-1.4
193205,59.2,0.8
193206,70.2,1.9
193207,74.2,0.9
193208,72.6,1.2
193209,62.7,-1.4
193210,50.6,-2.0
193211,34.3,-4.6
193212,26.1,-0.9
193301,34.3,11.8
193302,23.6,-2.2
193303,34.7,-1.6
193304,46.3,-1.2
193305,59.6,1.2
193306,75.5,7.2
193307,74.9,1.6
193308,70.4,-1.0
193309,68.5,4.4
193310,49.3,-3.3
193311,36.0,-2.9
193312,28.8,1.8
193401,30.0,7.5
193402,20.8,-5.0
193403,31.6,-4.7
193404,47.6,0.1
193405,64.2,5.8
193406,72.8,4.5
193407,77.6,4.3
193408,71.6,0.2
193409,62.8,-1.3
193410,53.8,1.2
193411,42.9,4.0
193412,23.6,-3.4
193501,23.2,0.7
193502,28.0,2.2
193503,40.8,4.5
193504,44.5,-3.0
193505,51.9,-6.5
193506,64.5,-3.8
193507,76.4,3.1
193508,72.6,1.2
193509,64.2,0.1
193510,52.9,0.3
193511,37.3,-1.6
193512,23.2,-3.8
193601,16.5,-6.0
193602,12.6,-13.2
193603,38.6,2.3
193604,43.2,-4.3
193605,63.6,5.2
193606,65.4,-2.9
193607,78.7,5.4
193608,75.0,3.6
193609,66.4,2.3
193610,50.9,-1.7
193611,35.4,-3.5
193612,31.4,4.4
193701,24.4,1.9
193702,24.5,-1.3
193703,31.9,-4.4
193704,46.0,-1.5
193705,58.2,-0.2
193706,66.2,-2.1
193707,73.5,0.2
193708,75.1,3.7
193709,63.7,-0.4
193710,48.8,-3.8
193711,35.0,-3.9
193712,24.2,-2.8
193801,23.2,0.7
193802,33.0,7.2
193803,43.3,7.0
193804,48.9,1.4
193805,58.4,0.0
193806,66.8,-1.5
193807,73.3,0.0
193808,74.2,2.8
193809,64.4,0.3
193810,55.8,3.2
193811,41.4,2.5
193812,27.3,0.3
193901,29.3,6.8
193902,25.0,-0.8
193903,37.2,0.9
193904,44.3,-3.2
193905,61.8,3.4
193906,70.8,2.5
193907,73.5,0.2
193908,71.6,0.2
193909,68.8,4.7
193910,53.6,1.0
193911,38.8,-0.1
193912,33.2,6.2
194001,13.9,-8.6
194002,27.4,1.6
194003,31.0,-5.3
194004,44.7,-2.8
194005,54.3,-4.1
194006,68.2,-0.1
194007,73.8,0.5
194008,72.0,0.6
194009,63.4,-0.7
194010,55.4,2.8
194011,36.2,-2.7
194012,31.1,4.1
194101,25.9,3.4
194102,23.3,-2.5
194103,31.5,-4.8
194104,52.5,5.0
194105,62.2,3.8
194106,69.2,0.9
194107,73.4,0.1
194108,72.4,1.0
194109,67.3,3.2
194110,54.1,1.5
194111,40.7,1.8
194112,33.9,6.9
194201,23.1,0.6
194202,24.1,-1.7
194203,38.7,2.4
194204,52.3,4.8
194205,58.9,0.5
194206,68.7,0.4
194207,73.7,0.4
194208,70.7,-0.7
194209,61.2,-2.9
194210,52.1,-0.5
194211,39.6,0.7
194212,22.0,-5.0
194301,21.6,-0.9
194302,27.0,1.2
194303,31.9,-4.4
194304,45.4,-2.1
194305,55.5,-2.9
194306,71.6,3.3
194307,74.3,1.0
194308,73.4,2.0
194309,60.2,-3.9
194310,52.0,-0.6
194311,34.3,-4.6
194312,27.2,0.2
194401,30.0,7.5
194402,27.8,2.0
194403,31.4,-4.9
194404,44.0,-3.5
194405,62.9,4.5
194406,72.0,3.7
194407,72.9,-0.4
194408,72.8,1.4
194409,65.0,0.9
194410,52.2,-0.4
194411,41.5,2.6
194412,21.7,-5.3
194501,18.3,-4.2
194502,27.2,1.4
194503,47.9,11.6
194504,48.4,0.9
194505,52.7,-5.7
194506,64.0,-4.3
194507,70.4,-2.9
194508,70.2,-1.2
194509,62.3,-1.8
194510,49.8,-2.8
194511,38.9,0.0
194512,20.9,-6.1
194601,25.5,3.0
194602,27.0,1.2
194603,45.6,9.3
194604,49.8,2.3
194605,55.6,-2.8
194606,66.9,-1.4
194607,73.7,0.4
194608,68.3,-3.1
194609,64.0,-0.1
194610,56.8,4.2
194611,40.4,1.5
194612,30.7,3.7
194701,26.7,4.2
194702,19.1,-6.7
194703,30.5,-5.8
194704,45.9,-1.6
194705,53.0,-5.4
194706,65.0,-3.3
194707,69.9,-3.4
194708,78.5,7.1
194709,65.8,1.7
194710,60.4,7.8
194711,32.5,-6.4
194712,28.8,1.8
194801,16.6,-5.9
194802,24.5,-1.3
194803,34.8,-1.5
194804,51.6,4.1
194805,54.3,-4.1
194806,66.4,-1.9
194807,73.9,0.6
194808,71.9,0.5
194809,66.3,2.2
194810,50.2,-2.4
194811,42.0,3.1
194812,29.0,2.0
194901,26.8,4.3
194902,26.1,0.3
194903,36.4,0.1
194904,46.4,-1.1
194905,59.6,1.2
194906,72.2,3.9
194907,76.3,3.0
194908,72.7,1.3
194909,58.8,-5.3
194910,55.7,3.1
194911,39.0,0.1
194912,30.4,3.4
195001,28.5,6.0
195002,25.0,-0.8
195003,31.6,-4.7
195004,40.6,-6.9
195005,58.5,0.1
195006,67.5,-0.8
195007,70.4,-2.9
195008,68.0,-3.4
195009,62.7,-1.4
195010,57.0,4.4
195011,33.2,-5.7
195012,18.1,-8.9
195101,22.0,-0.5
195102,25.7,-0.1
195103,33.8,-2.5
195104,45.3,-2.2
195105,60.4,2.0
195106,64.9,-3.4
195107,70.8,-2.5
195108,68.0,-3.4
195109,61.0,-3.1
195110,53.2,0.6
195111,31.1,-7.8
195112,24.7,-2.3
195201,25.3,2.8
195202,30.6,4.8
195203,33.5,-2.8
195204,49.4,1.9
195205,57.2,-1.2
195206,72.3,4.0
195207,75.4,2.1
195208,70.3,-1.1
195209,63.6,-0.5
195210,46.9,-5.7
195211,41.0,2.1
195212,30.5,3.5
195301,27.2,4.7
195302,30.2,4.4
195303,37.3,1.0
195304,44.9,-2.6
195305,59.3,0.9
195306,71.5,3.2
195307,74.0,0.7
195308,72.7,1.3
195309,65.1,1.0
195310,57.0,4.4
195311,42.2,3.3
195312,29.8,2.8
195401,25.5,3.0
195402,35.6,9.8
195403,33.1,-3.2
195404,51.3,3.8
195405,54.7,-3.7
195406,72.7,4.4
195407,73.4,0.1
195408,70.5,-0.9
195409,66.7,2.6
195410,52.7,0.1
195411,40.1,1.2
195412,29.4,2.4
195501,22.8,0.3
195502,26.4,0.6
195503,35.5,-0.8
195504,54.2,6.7
195505,61.2,2.8
195506,66.5,-1.8
195507,78.2,4.9
195508,75.7,4.3
195509,65.1,1.0
195510,53.6,1.0
195511,34.0,-4.9
195512,24.0,-3.0
195601,26.1,3.6
195602,27.0,1.2
195603,34.8,-1.5
195604,45.7,-1.8
195605,58.8,0.4
195606,71.6,3.3
195607,70.9,-2.4
195608,71.5,0.1
195609,62.8,-1.3
195610,58.2,5.6
195611,38.6,-0.3
195612,31.0,4.0
195701,17.0,-5.5
195702,31.0,5.2
195703,35.8,-0.5
195704,47.5,0.0
195705,56.9,-1.5
195706,68.8,0.5
195707,74.0,0.7
195708,70.8,-0.6
195709,61.9,-2.2
195710,49.7,-2.9
195711,38.3,-0.6
195712,32.5,5.5
195801,23.8,1.3
195802,18.2,-7.6
195803,34.4,-1.9
195804,49.1,1.6
195805,59.3,0.9
195806,62.6,-5.7
195807,71.0,-2.3
195808,71.4,0.0
195809,63.9,-0.2
195810,55.1,2.5
195811,40.8,1.9
195812,20.2,-6.8
195901,16.4,-6.1
195902,24.0,-1.8
195903,35.5,-0.8
195904,47.3,-0.2
195905,64.0,5.6
195906,70.4,2.1
195907,72.4,-0.9
195908,76.0,4.6
195909,66.5,2.4
195910,49.5,-3.1
195911,31.3,-7.6
195912,33.9,6.9
196001,25.8,3.3
196002,24.0,-1.8
196003,24.1,-12.2
196004,51.2,3.7
196005,56.5,-1.9
196006,66.0,-2.3
196007,71.3,-2.0
196008,72.6,1.2
196009,67.8,3.7
196010,53.0,0.4
196011,40.9,2.0
196012,23.8,-3.2
196101,21.2,-1.3
196102,31.9,6.1
196103,38.9,2.6
196104,42.9,-4.6
196105,55.0,-3.4
196106,67.7,-0.6
196107,72.0,-1.3
196108,71.8,0.4
196109,66.5,2.4
196110,53.8,1.2
196111,39.0,0.1
196112,24.5,-2.5
196201,16.4,-6.1
196202,23.9,-1.9
196203,32.9,-3.4
196204,48.0,0.5
196205,64.8,6.4
196206,68.6,0.3
196207,69.6,-3.7
196208,71.7,0.3
196209,61.6,-2.5
196210,55.3,2.7
196211,39.6,0.7
196212,23.1,-3.9
196301,11.6,-10.9
196302,17.4,-8.4
196303,39.5,3.2
196304,50.6,3.1
196305,56.7,-1.7
196306,70.4,2.1
196307,72.8,-0.5
196308,69.0,-2.4
196309,64.1,0.0
196310,61.6,9.0
196311,43.1,4.2
196312,16.0,-11.0
196401,28.3,5.8
196402,27.1,1.3
196403,34.7,-1.6
196404,49.1,1.6
196405,63.8,5.4
196406,70.7,2.4
196407,73.6,0.3
196408,69.6,-1.8
196409,64.1,0.0
196410,49.6,-3.0
196411,42.5,3.6
196412,25.8,-1.2
196501,22.7,0.2
196502,25.1,-0.7
196503,28.1,-8.2
196504,46.2,-1.3
196505,63.0,4.6
196506,67.5,-0.8
196507,71.8,-1.5
196508,68.8,-2.6
196509,63.7,-0.4
196510,52.9,0.3
196511,40.6,1.7
196512,35.0,8.0
196601,16.9,-5.6
196602,26.2,0.4
196603,38.9,2.6
196604,45.3,-2.2
196605,53.8,-4.6
196606,69.9,1.6
196607,76.2,2.9
196608,69.8,-1.6
196609,62.8,-1.3
196610,51.5,-1.1
196611,41.2,2.3
196612,26.8,-0.2
196701,27.1,4.6
196702,20.2,-5.6
196703,36.5,0.2
196704,48.6,1.1
196705,53.6,-4.8
196706,70.1,1.8
196707,69.3,-4.0
196708,66.9,-4.5
196709,62.1,-2.0
196710,51.3,-1.3
196711,35.4,-3.5
196712,29.2,2.2
196801,22.4,-0.1
196802,22.5,-3.3
196803,41.7,5.4
196804,50.6,3.1
196805,55.9,-2.5
196806,69.9,1.6
196807,72.1,-1.2
196808,72.4,1.0
196809,64.4,0.3
196810,53.7,1.1
196811,39.3,0.4
196812,26.7,-0.3
196901,19.5,-3.0
196902,28.0,2.2
196903,32.7,-3.6
196904,49.0,1.5
196905,59.1,0.7
196906,63.7,-4.6
196907,72.5,-0.8
196908,72.8,1.4
196909,64.2,0.1
196910,50.7,-1.9
196911,36.4,-2.5
196912,26.7,-0.3
197001,15.1,-7.4
197002,24.4,-1.4
197003,32.9,-3.4
197004,49.8,2.3
197005,61.0,2.6
197006,68.5,0.2
197007,73.9,0.6
197008,72.0,0.6
197009,64.1,0.0
197010,53.8,1.2
197011,38.6,-0.3
197012,29.0,2.0
197101,17.3,-5.2
197102,26.3,0.5
197103,33.5,-2.8
197104,47.0,-0.5
197105,56.2,-2.2
197106,72.7,4.4
197107,70.4,-2.9
197108,69.6,-1.8
197109,67.4,3.3
197110,59.4,6.8
197111,39.7,0.8
197112,33.6,6.6
197201,19.8,-2.7
197202,23.4,-2.4
197203,33.2,-3.1
197204,44.0,-3.5
197205,59.6,1.2
197206,64.3,-4.0
197207,71.8,-1.5
197208,71.4,0.0
197209,63.3,-0.8
197210,48.8,-3.8
197211,36.6,-2.3
197212,24.2,-2.8
197301,27.5,5.0
197302,28.3,2.5
197303,43.4,7.1
197304,47.3,-0.2
197305,54.6,-3.8
197306,70.7,2.4
197307,74.1,0.8
197308,73.6,2.2
197309,65.4,1.3
197310,56.8,4.2
197311,40.4,1.5
197312,26.6,-0.4
197401,23.8,1.3
197402,26.0,0.2
197403,37.5,1.2
197404,50.7,3.2
197405,55.6,-2.8
197406,65.4,-2.9
197407,74.0,0.7
197408,69.7,-1.7
197409,60.2,-3.9
197410,52.1,-0.5
197411,39.7,0.8
197412,29.8,2.8
197501,26.3,3.8
197502,25.6,-0.2
197503,32.8,-3.5
197504,42.2,-5.3
197505,61.6,3.2
197506,70.0,1.7
197507,73.2,-0.1
197508,73.6,2.2
197509,59.7,-4.4
197510,54.9,2.3
197511,45.4,6.5
197512,29.9,2.9
197601,18.2,-4.3
197602,33.7,7.9
197603,41.3,5.0
197604,51.0,3.5
197605,54.7,-3.7
197606,69.5,1.2
197607,73.3,0.0
197608,69.2,-2.2
197609,62.3,-1.8
197610,47.3,-5.3
197611,31.4,-7.5
197612,18.7,-8.3
197701,8.6,-13.9
197702,25.4,-0.4
197703,43.2,6.9
197704,53.6,6.1
197705,66.5,8.1
197706,67.2,-1.1
197707,75.7,2.4
197708,69.7,-1.7
197709,64.4,0.3
197710,50.2,-2.4
197711,39.3,0.4
197712,23.1,-3.9
197801,15.3,-7.2
197802,15.9,-9.9
197803,31.3,-5.0
197804,47.6,0.1
197805,58.0,-0.4
197806,68.7,0.4
197807,71.6,-1.7
197808,71.4,0.0
197809,68.6,4.5
197810,50.7,-1.9
197811,40.2,1.3
197812,24.8,-2.2
197901,11.0,-11.5
197902,15.4,-10.4
197903,35.4,-0.9
197904,44.2,-3.3
197905,58.6,0.2
197906,68.7,0.4
197907,71.6,-1.7
197908,70.3,-1.1
197909,65.1,1.0
197910,52.0,-0.6
197911,39.2,0.3
197912,32.2,5.2
198001,23.1,0.6
198002,21.5,-4.3
198003,32.6,-3.7
198004,46.2,-1.3
198005,59.7,1.3
198006,66.2,-2.1
198007,74.9,1.6
198008,73.7,2.3
198009,64.8,0.7
198010,48.5,-4.1
198011,40.0,1.1
198012,27.3,0.3
198101,22.0,-0.5
198102,27.6,1.8
198103,37.8,1.5
198104,51.8,4.3
198105,55.2,-3.2
198106,70.0,1.7
198107,71.5,-1.8
198108,70.9,-0.5
198109,62.5,-1.6
198110,49.6,-3.0
198111,41.1,2.2
198112,25.6,-1.4
198201,12.8,-9.7
198202,21.7,-4.1
198203,34.3,-2.0
198204,44.0,-3.5
198205,64.7,6.3
198206,63.1,-5.2
198207,73.4,0.1
198208,68.9,-2.5
198209,62.7,-1.4
198210,54.1,1.5
198211,40.0,1.1
198212,36.2,9.2
198301,27.2,4.7
198302,31.5,5.7
198303,38.5,2.2
198304,44.2,-3.3
198305,54.8,-3.6
198306,70.0,1.7
198307,77.3,4.0
198308,76.6,5.2
198309,64.9,0.8
198310,53.6,1.0
198311,42.5,3.6
198312,15.7,-11.3
198401,18.6,-3.9
198402,34.1,8.3
198403,29.5,-6.8
198404,46.1,-1.4
198405,56.1,-2.3
198406,71.2,2.9
198407,71.7,-1.6
198408,73.8,2.4
198409,62.5,-1.6
198410,55.2,2.6
198411,39.2,0.3
198412,32.2,5.2
198501,16.3,-6.2
198502,21.8,-4.0
198503,40.4,4.1
198504,53.2,5.7
198505,61.9,3.5
198506,66.1,-2.2
198507,73.0,-0.3
198508,69.4,-2.0
198509,66.1,2.0
198510,53.4,0.8
198511,38.9,0.0
198512,18.8,-8.2
198601,24.5,2.0
198602,25.2,-0.6
198603,40.8,4.5
198604,52.5,5.0
198605,59.3,0.9
198606,67.6,-0.7
198607,75.1,1.8
198608,68.7,-2.7
198609,66.8,2.7
198610,53.5,0.9
198611,36.1,-2.8
198612,30.3,3.3
198701,25.8,3.3
198702,33.3,7.5
198703,40.6,4.3
198704,50.1,2.6
198705,63.9,5.5
198706,72.9,4.6
198707,76.3,3.0
198708,71.8,0.4
198709,64.4,0.3
198710,47.1,-5.5
198711,43.8,4.9
198712,32.3,5.3
198801,19.5,-3.0
198802,23.0,-2.8
198803,38.2,1.9
198804,48.0,0.5
198805,61.0,2.6
198806,72.4,4.1
198807,76.3,3.0
198808,76.8,5.4
198809,66.0,1.9
198810,46.6,-6.0
198811,41.3,2.4
198812,28.1,1.1
198901,31.9,9.4
198902,20.4,-5.4
198903,36.2,-0.1
198904,46.3,-1.2
198905,57.4,-1.0
198906,67.7,-0.6
198907,73.5,0.2
198908,70.8,-0.6
198909,62.0,-2.1
198910,53.6,1.0
198911,37.3,-1.6
198912,16.4,-10.6
199001,33.3,10.8
199002,31.4,5.6
199003,41.1,4.8
199004,49.5,2.0
199005,55.7,-2.7
199006,69.5,1.2
199007,71.7,-1.6
199008,71.2,-0.2
199009,66.0,1.9
199010,51.6,-1.0
199011,44.8,5.9
199012,29.0,2.0
199101,21.1,-1.4
199102,30.7,4.9
199103,40.4,4.1
199104,52.1,4.6
199105,65.9,7.5
199106,72.8,4.5
199107,75.6,2.3
199108,73.4,2.0
199109,63.7,-0.4
199110,53.2,0.6
199111,35.4,-3.5
199112,30.6,3.6
199201,28.1,5.6
199202,33.2,7.4
199203,37.7,1.4
199204,45.6,-1.9
199205,57.8,-0.6
199206,65.3,-3.0
199207,69.2,-4.1
199208,66.9,-4.5
199209,62.6,-1.5
199210,51.2,-1.4
199211,38.6,-0.3
199212,28.9,1.9
199301,26.3,3.8
199302,24.9,-0.9
199303,33.9,-2.4
199304,45.3,-2.2
199305,60.4,2.0
199306,67.1,-1.2
199307,74.1,0.8
199308,73.0,1.6
199309,59.1,-5.0
199310,50.2,-2.4
199311,38.6,-0.3
199312,28.9,1.9
199401,15.9,-6.6
199402,22.1,-3.7
199403,37.8,1.5
199404,51.0,3.5
199405,57.7,-0.7
199406,69.9,1.6
199407,72.3,-1.0
199408,68.6,-2.8
199409,65.6,1.5
199410,54.2,1.6
199411,43.9,5.0
199412,34.2,7.2
199501,23.8,1.3
199502,26.6,0.8
199503,39.8,3.5
199504,45.2,-2.3
199505,57.4,-1.0
199506,71.0,2.7
199507,76.2,2.9
199508,78.2,6.8
199509,62.6,-1.5
199510,53.7,1.1
199511,32.7,-6.2
199512,25.9,-1.1
199601,23.2,0.7
199602,26.4,0.6
199603,31.2,-5.1
199604,45.4,-2.1
199605,55.3,-3.1
199606,68.1,-0.2
199607,69.9,-3.4
199608,72.0,0.6
199609,63.4,-0.7
199610,52.7,0.1
199611,32.9,-6.0
199612,27.8,0.8
199701,19.1,-3.4
199702,29.3,3.5
199703,38.4,2.1
199704,44.9,-2.6
199705,53.5,-4.9
199706,68.0,-0.3
199707,73.0,-0.3
199708,68.9,-2.5
199709,64.3,0.2
199710,53.0,0.4
199711,36.6,-2.3
199712,31.3,4.3
199801,29.2,6.7
199802,38.5,12.7
199803,38.4,2.1
199804,49.8,2.3
199805,64.7,6.3
199806,69.0,0.7
199807,73.7,0.4
199808,73.6,2.2
199809,68.3,4.2
199810,54.9,2.3
199811,44.3,5.4
199812,34.5,7.5
199901,21.7,-0.8
199902,34.5,8.7
199903,35.8,-0.5
199904,50.1,2.6
199905,62.1,3.7
199906,70.5,2.2
199907,78.0,4.7
199908,70.1,-1.3
199909,63.6,-0.5
199910,52.6,0.0
199911,45.7,6.8
199912,30.0,3.0
200001,24.9,2.4
200002,33.9,8.1
200003,44.4,8.1
200004,47.5,0.0
200005,62.0,3.6
200006,67.7,-0.6
200007,70.9,-2.4
200008,72.3,0.9
200009,64.8,0.7
200010,56.4,3.8
200011,37.9,-1.0
200012,16.7,-10.3
200101,24.8,2.3
200102,26.8,1.0
200103,34.4,-1.9
200104,52.9,5.4
200105,60.9,2.5
200106,67.4,-0.9
200107,74.4,1.1
200108,73.1,1.7
200109,62.2,-1.9
200110,52.2,-0.4
200111,48.6,9.7
200112,33.7,6.7
200201,31.9,9.4
200202,32.4,6.6
200203,34.4,-1.9
200204,49.8,2.3
200205,54.7,-3.7
200206,70.7,2.4
200207,76.6,3.3
200208,73.2,1.8
200209,67.5,3.4
200210,50.1,-2.5
200211,37.8,-1.1
200212,30.1,3.1
200301,21.1,-1.4
200302,23.8,-2.0
200303,37.4,1.1
200304,48.4,0.9
200305,56.2,-2.2
200306,65.2,-3.1
200307,71.8,-1.5
200308,73.4,2.0
200309,63.3,-0.8
200310,51.9,-0.7
200311,42.5,3.6
200312,31.8,4.8
200401,20.5,-2.0
200402,27.8,2.0
200403,41.6,5.3
200404,50.7,3.2
200405,60.2,1.8
200406,67.2,-1.1
200407,71.2,-2.1
200408,67.2,-4.2
200409,66.8,2.7
200410,53.6,1.0
200411,43.7,4.8
200412,28.8,1.8
200501,25.2,2.7
200502,32.5,6.7
200503,34.8,-1.5
200504,52.0,4.5
200505,57.0,-1.4
200506,74.0,5.7
200507,75.1,1.8
200508,73.8,2.4
200509,69.4,5.3
200510,54.7,2.1
200511,42.0,3.1
200512,23.0,-4.0
200601,35.7,13.2
200602,28.4,2.6
200603,38.2,1.9
200604,53.2,5.7
200605,59.2,0.8
200606,67.7,-0.6
200607,75.5,2.2
200608,72.9,1.5
200609,62.1,-2.0
200610,48.9,-3.7
200611,43.4,4.5
200612,34.2,7.2
200701,28.6,6.1
200702,17.7,-8.1
200703,42.6,6.3
200704,46.6,-0.9
200705,63.3,4.9
200706,70.8,2.5
200707,72.4,-0.9
200708,74.2,2.8
200709,67.8,3.7
200710,58.9,6.3
200711,39.4,0.5
200712,27.8,0.8
200801,23.8,1.3
200802,22.7,-3.1
200803,34.8,-1.5
200804,49.7,2.2
200805,55.5,-2.9
200806,70.5,2.2
200807,73.3,0.0
200808,71.5,0.1
200809,66.0,1.9
200810,52.3,-0.3
200811,39.4,0.5
200812,23.0,-4.0
200901,16.0,-6.5
200902,28.6,2.8
200903,39.4,3.1
200904,47.1,-0.4
200905,59.6,1.2
200906,67.8,-0.5
200907,68.9,-4.4
200908,69.8,-1.6
200909,64.7,0.6
200910,48.5,-4.1
200911,45.4,6.5
200912,27.1,0.1
201001,21.6,-0.9
201002,26.5,0.7
201003,41.3,5.0
201004,54.8,7.3
201005,61.5,3.1
201006,70.8,2.5
201007,76.8,3.5
201008,75.6,4.2
201009,64.8,0.7
201010,55.4,2.8
201011,42.0,3.1
201012,22.3,-4.7
201101,21.4,-1.1
201102,26.6,0.8
201103,36.6,0.3
201104,47.4,-0.1
201105,58.4,0.0
201106,69.4,1.1
201107,78.1,4.8
201108,72.5,1.1
201109,61.8,-2.3
201110,53.8,1.2
201111,44.2,5.3
201112,34.7,7.7
201201,29.8,7.3
201202,32.6,6.8
201203,52.8,16.5
201204,49.6,2.1
201205,64.2,5.8
201206,71.9,3.6
201207,80.1,6.8
201208,72.4,1.0
201209,63.6,-0.5
201210,51.0,-1.6
201211,40.0,1.1
201212,36.0,9.0
201301,26.6,4.1
201302,25.9,0.1
201303,32.0,-4.3
201304,46.5,-1.0
201305,60.9,2.5
201306,68.0,-0.3
201307,72.4,-0.9
201308,71.9,0.5
201309,66.5,2.4
201310,52.9,0.3
201311,37.0,-1.9
201312,23.2,-3.8
201401,15.0,-7.5
201402,16.8,-9.0
201403,30.1,-6.2
201404,48.2,0.7
201405,60.0,1.6
201406,70.2,1.9
201407,69.4,-3.9
201408,72.6,1.2
201409,63.5,-0.6
201410,52.1,-0.5
201411,33.6,-5.3
201412,32.6,5.6
201501,22.6,0.1
201502,15.8,-10.0
201503,35.2,-1.1
201504,50.0,2.5
201505,61.1,2.7
201506,67.4,-0.9
201507,71.9,-1.4
201508,71.1,-0.3
201509,69.0,4.9
201510,54.4,1.8
201511,44.8,5.9
201512,39.5,12.5
201601,24.9,2.4
201602,30.8,5.0
201603,43.4,7.1
201604,47.9,0.4
201605,59.3,0.9
201606,71.3,3.0
201607,74.7,1.4
201608,75.2,3.8
201609,69.4,5.3
201610,56.9,4.3
201611,46.8,7.9
201612,25.5,-1.5
201701,29.0,6.5
201702,37.8,12.0
201703,38.4,2.1
201704,52.8,5.3
201705,57.1,-1.3
201706,71.0,2.7
201707,73.4,0.1
201708,69.7,-1.7
201709,68.0,3.9
201710,56.9,4.3
201711,38.8,-0.1
201712,27.0,0.0
201801,23.6,1.1
201802,28.3,2.5
201803,36.3,0.0
201804,40.5,-7.0
201805,65.5,7.1
201806,70.4,2.1
201807,74.3,1.0
201808,74.7,3.3
201809,68.0,3.9
201810,51.7,-0.9
201811,34.3,-4.6
201812,32.9,5.9
201901,21.9,-0.6
201902,25.6,-0.2
201903,34.1,-2.2
201904,49.1,1.6
201905,57.6,-0.8
201906,67.5,-0.8
201907,76.3,3.0
201908,71.7,0.3
201909,68.8,4.7
201910,51.4,-1.2
201911,34.6,-4.3
201912,34.0,7.0
202001,30.2,7.7
202002,29.0,3.2
202003,40.9,4.6
202004,46.5,-1.0
202005,58.0,-0.4
202006,71.8,3.5
202007,76.6,3.3
202008,73.5,2.1
202009,64.2,0.1
202010,49.9,-2.7
202011,46.0,7.1
202012,32.0,5.0
202101,28.2,5.7
202102,18.7,-7.1
202103,43.0,6.7
202104,50.5,3.0
202105,58.6,0.2
202106,72.6,4.3
202107,73.2,-0.1
202108,75.4,4.0
202109,68.9,4.8
202110,58.9,6.3
