Cook County, Illinois, Minimum Temperature
Units: Degrees Fahrenheit
Base Period: 1901-2000
Missing: -99
Date,Value,Anomaly
189501,5.6,-9.4
189502,5.0,-13.1
189503,22.5,-5.3
189504,39.3,1.8
189505,49.8,2.2
189506,60.1,2.7
189507,60.6,-2.1
189508,61.1,-0.2
189509,58.0,4.2
189510,35.4,-7.1
189511,28.3,-2.7
189512,22.2,2.2
189601,20.7,5.7
189602,18.6,0.5
189603,23.7,-4.1
189604,44.5,7.0
189605,55.1,7.5
189606,58.3,0.9
189607,62.8,0.1
189608,62.6,1.3
189609,51.2,-2.6
189610,37.7,-4.8
189611,29.1,-1.9
189612,25.6,5.6
189701,15.7,0.7
189702,22.7,4.6
189703,27.5,-0.3
189704,38.1,0.6
189705,43.9,-3.7
189706,55.7,-1.7
189707,65.6,2.9
189708,58.1,-3.2
189709,55.6,1.8
189710,45.0,2.5
189711,29.5,-1.5
189712,16.9,-3.1
189801,19.9,4.9
189802,19.5,1.4
189803,31.4,3.6
189804,36.6,-0.9
189805,48.3,0.7
189806,60.6,3.2
189807,62.6,-0.1
189808,62.3,1.0
189809,58.7,4.9
189810,44.4,1.9
189811,27.2,-3.8
189812,17.2,-2.8
189901,16.2,1.2
189902,9.8,-8.3
189903,23.2,-4.6
189904,40.8,3.3
189905,50.3,2.7
189906,59.8,2.4
189907,63.6,0.9
189908,63.7,2.4
189909,53.4,-0.4
189910,47.1,4.6
189911,35.5,4.5
189912,20.4,0.4
190001,21.8,6.8
190002,10.6,-7.5
190003,22.8,-5.0
190004,39.0,1.5
190005,50.0,2.4
190006,57.6,0.2
190007,62.5,-0.2
190008,67.4,6.1
190009,56.7,2.9
190010,49.0,6.5
190011,28.8,-2.2
190012,23.2,3.2
190101,17.8,2.8
190102,6.2,-11.9
190103,27.0,-0.8
190104,36.4,-1.1
190105,46.5,-1.1
190106,59.0,1.6
190107,66.4,3.7
190108,61.4,0.1
190109,52.6,-1.2
190110,42.4,-0.1
190111,26.3,-4.7
190112,17.4,-2.6
190201,15.9,0.9
190202,8.9,-9.2
190203,31.5,3.7
190204,34.8,-2.7
190205,50.4,2.8
190206,55.9,-1.5
190207,63.7,1.0
190208,58.2,-3.1
190209,50.8,-3.0
190210,44.1,1.6
190211,38.2,7.2
190212,19.2,-0.8
190301,16.0,1.0
190302,15.6,-2.5
190303,32.7,4.9
190304,38.4,0.9
190305,50.3,2.7
190306,52.2,-5.2
190307,61.7,-1.0
190308,59.1,-2.2
190309,51.6,-2.2
190310,41.8,-0.7
190311,27.0,-4.0
190312,10.0,-10.0
190401,7.9,-7.1
190402,7.8,-10.3
190403,27.8,0.0
190404,32.3,-5.2
190405,47.2,-0.4
190406,55.2,-2.2
190407,60.1,-2.6
190408,56.0,-5.3
190409,54.1,0.3
190410,42.6,0.1
190411,31.0,0.0
190412,17.7,-2.3
190501,10.0,-5.0
190502,7.3,-10.8
190503,31.5,3.7
190504,36.7,-0.8
190505,47.6,0.0
190506,56.4,-1.0
190507,60.8,-1.9
190508,62.2,0.9
190509,54.9,1.1
190510,40.4,-2.1
190511,28.6,-2.4
190512,22.3,2.3
190601,22.9,7.9
190602,17.5,-0.6
190603,22.8,-5.0
190604,38.7,1.2
190605,47.9,0.3
190606,56.3,-1.1
190607,59.4,-3.3
190608,64.3,3.0
190609,57.0,3.2
190610,43.0,0.5
190611,31.4,0.4
190612,24.2,4.2
190701,18.5,3.5
190702,16.8,-1.3
190703,33.7,5.9
190704,30.8,-6.7
190705,41.2,-6.4
190706,55.7,-1.7
190707,62.8,0.1
190708,59.1,-2.2
190709,53.4,-0.4
190710,39.3,-3.2
190711,28.2,-2.8
190712,24.4,4.4
190801,18.4,3.4
190802,17.7,-0.4
190803,30.7,2.9
190804,38.4,0.9
190805,49.9,2.3
190806,56.9,-0.5
190807,62.6,-0.1
190808,58.7,-2.6
190809,55.4,1.6
190810,41.5,-1.0
190811,29.5,-1.5
190812,20.6,0.6
190901,19.6,4.6
190902,22.7,4.6
190903,27.9,0.1
190904,35.3,-2.2
190905,45.8,-1.8
190906,57.2,-0.2
190907,60.4,-2.3
190908,63.4,2.1
190909,51.8,-2.0
190910,37.3,-5.2
190911,37.8,6.8
190912,12.2,-7.8
191001,15.4,0.4
191002,13.0,-5.1
191003,35.0,7.2
191004,38.2,0.7
191005,43.1,-4.5
191006,54.9,-2.5
191007,63.3,0.6
191008,60.8,-0.5
191009,53.6,-0.2
191010,44.6,2.1
191011,26.2,-4.8
191012,17.1,-2.9
191101,18.1,3.1
191102,24.4,6.3
191103,27.4,-0.4
191104,37.1,-0.4
191105,52.9,5.3
191106,60.6,3.2
191107,62.0,-0.7
191108,59.9,-1.4
191109,56.7,2.9
191110,43.0,0.5
191111,26.1,-4.9
191112,25.8,5.8
191201,2.0,-13.0
191202,12.0,-6.1
191203,18.4,-9.4
191204,38.2,0.7
191205,48.8,1.2
191206,54.0,-3.4
191207,62.6,-0.1
191208,60.1,-1.2
191209,55.5,1.7
191210,41.7,-0.8
191211,31.7,0.7
191212,24.6,4.6
191301,17.9,2.9
191302,14.3,-3.8
191303,23.4,-4.4
191304,37.7,0.2
191305,47.3,-0.3
191306,57.4,0.0
191307,62.8,0.1
191308,62.4,1.1
191309,52.3,-1.5
191310,43.0,0.5
191311,37.2,6.2
191312,29.0,9.0
191401,25.0,10.0
191402,8.5,-9.6
191403,26.6,-1.2
191404,38.2,0.7
191405,49.5,1.9
191406,57.8,0.4
191407,62.2,-0.5
191408,61.0,-0.3
191409,53.6,-0.2
191410,46.8,4.3
191411,31.0,0.0
191412,14.0,-6.0
191501,10.9,-4.1
191502,26.6,8.5
191503,25.1,-2.7
191504,43.4,5.9
191505,44.6,-3.0
191506,53.4,-4.0
191507,59.9,-2.8
191508,56.1,-5.2
191509,55.7,1.9
191510,42.9,0.4
191511,32.8,1.8
191512,20.6,0.6
191601,18.6,3.6
191602,14.7,-3.4
191603,23.7,-4.1
191604,37.0,-0.5
191605,48.6,1.0
191606,53.0,-4.4
191607,66.0,3.3
191608,62.4,1.1
191609,50.9,-2.9
191610,41.0,-1.5
191611,31.2,0.2
191612,14.8,-5.2
191701,12.2,-2.8
191702,9.2,-8.9
191703,28.3,0.5
191704,35.7,-1.8
191705,41.4,-6.2
191706,53.5,-3.9
191707,61.8,-0.9
191708,58.0,-3.3
191709,50.6,-3.2
191710,35.0,-7.5
191711,31.7,0.7
191712,12.1,-7.9
191801,1.3,-13.7
191802,15.8,-2.3
191803,30.0,2.2
191804,34.7,-2.8
191805,51.6,4.0
191806,56.0,-1.4
191807,59.4,-3.3
191808,64.4,3.1
191809,46.6,-7.2
191810,44.3,1.8
191811,33.6,2.6
191812,29.1,9.1
191901,20.0,5.0
191902,20.8,2.7
191903,28.7,0.9
191904,39.0,1.5
191905,44.8,-2.8
191906,62.5,5.1
191907,63.8,1.1
191908,60.3,-1.0
191909,55.7,1.9
191910,45.1,2.6
191911,29.1,-1.9
191912,11.4,-8.6
192001,8.2,-6.8
192002,16.6,-1.5
192003,28.6,0.8
192004,33.2,-4.3
192005,44.7,-2.9
192006,57.2,-0.2
192007,58.5,-4.2
192008,57.4,-3.9
192009,55.8,2.0
192010,47.2,4.7
192011,30.0,-1.0
192012,23.1,3.1
192101,23.2,8.2
192102,24.7,6.6
192103,34.0,6.2
192104,42.1,4.6
192105,50.1,2.5
192106,61.8,4.4
192107,66.1,3.4
192108,62.0,0.7
192109,58.0,4.2
192110,43.4,0.9
192111,30.8,-0.2
192112,23.1,3.1
192201,12.2,-2.8
192202,18.6,0.5
192203,30.8,3.0
192204,38.2,0.7
192205,52.7,5.1
192206,57.6,0.2
192207,60.9,-1.8
192208,60.2,-1.1
192209,55.2,1.4
192210,43.9,1.4
192211,35.3,4.3
192212,18.9,-1.1
192301,21.4,6.4
192302,12.0,-6.1
192303,22.4,-5.4
192304,34.8,-2.7
192305,44.0,-3.6
192306,59.6,2.2
192307,61.8,-0.9
192308,59.4,-1.9
192309,54.9,1.1
192310,39.0,-3.5
192311,32.5,1.5
192312,30.2,10.2
192401,6.9,-8.1
192402,19.2,1.1
192403,27.6,-0.2
192404,37.5,0.0
192405,42.0,-5.6
192406,54.9,-2.5
192407,57.8,-4.9
192408,60.2,-1.1
192409,49.5,-4.3
192410,43.9,1.4
192411,30.1,-0.9
192412,12.5,-7.5
192501,12.4,-2.6
192502,21.8,3.7
192503,28.3,0.5
192504,40.2,2.7
192505,41.3,-6.3
192506,58.7,1.3
192507,61.4,-1.3
192508,59.7,-1.6
192509,59.6,5.8
192510,35.3,-7.2
192511,27.3,-3.7
192512,14.9,-5.1
192601,16.5,1.5
192602,23.4,5.3
192603,21.2,-6.6
192604,31.3,-6.2
192605,46.0,-1.6
192606,52.6,-4.8
192607,61.0,-1.7
192608,62.5,1.2
192609,55.2,1.4
192610,41.6,-0.9
192611,26.6,-4.4
192612,17.1,-2.9
192701,15.0,0.0
192702,25.6,7.5
192703,32.3,4.5
192704,38.2,0.7
192705,46.5,-1.1
192706,53.8,-3.6
192707,60.5,-2.2
192708,55.3,-6.0
192709,57.1,3.3
192710,45.0,2.5
192711,33.1,2.1
192712,16.9,-3.1
192801,16.4,1.4
192802,21.4,3.3
192803,27.0,-0.8
192804,33.5,-4.0
192805,46.1,-1.5
192806,52.3,-5.1
192807,62.3,-0.4
192808,61.6,0.3
192809,48.4,-5.4
192810,43.9,1.4
192811,33.1,2.1
192812,23.2,3.2
192901,5.3,-9.7
192902,10.2,-7.9
192903,32.1,4.3
192904,40.6,3.1
192905,45.1,-2.5
192906,53.4,-4.0
192907,62.0,-0.7
192908,58.8,-2.5
192909,52.5,-1.3
192910,40.9,-1.6
192911,26.0,-5.0
192912,20.0,0.0
193001,9.1,-5.9
193002,27.2,9.1
193003,25.5,-2.3
193004,37.5,0.0
193005,49.4,1.8
193006,56.9,-0.5
193007,61.4,-1.3
193008,61.9,0.6
193009,54.1,0.3
193010,39.7,-2.8
193011,30.6,-0.4
193012,20.6,0.6
193101,22.6,7.6
193102,26.3,8.2
193103,27.2,-0.6
193104,36.8,-0.7
193105,44.1,-3.5
193106,60.6,3.2
193107,65.2,2.5
193108,61.6,0.3
193109,59.5,5.7
193110,47.1,4.6
193111,39.2,8.2
193112,30.3,10.3
193201,25.4,10.4
193202,23.7,5.6
193203,20.4,-7.4
193204,36.0,-1.5
193205,48.2,0.6
193206,59.5,2.1
193207,62.6,-0.1
193208,61.8,0.5
193209,52.2,-1.6
193210,41.4,-1.1
193211,26.0,-5.0
193212,18.1,-1.9
193301,26.6,11.6
193302,14.1,-4.0
193303,27.6,-0.2
193304,37.0,-0.5
193305,50.9,3.3
193306,62.7,5.3
193307,64.1,1.4
193308,60.2,-1.1
193309,57.7,3.9
193310,38.8,-3.7
193311,27.4,-3.6
193312,21.2,1.2
193401,22.8,7.8
193402,12.2,-5.9
193403,23.0,-4.8
193404,35.9,-1.6
193405,49.5,1.9
193406,59.5,2.1
193407,65.2,2.5
193408,61.4,0.1
193409,53.7,-0.1
193410,43.6,1.1
193411,35.9,4.9
193412,17.1,-2.9
193501,15.3,0.3
193502,22.3,4.2
193503,32.1,4.3
193504,36.5,-1.0
193505,43.3,-4.3
193506,54.4,-3.0
193507,66.4,3.7
193508,63.1,1.8
193509,53.1,-0.7
193510,42.6,0.1
193511,30.8,-0.2
193512,16.9,-3.1
193601,9.5,-5.5
193602,3.3,-14.8
193603,29.5,1.7
193604,33.4,-4.1
193605,52.0,4.4
193606,52.9,-4.5
193607,65.0,2.3
193608,63.5,2.2
193609,57.3,3.5
193610,41.5,-1.0
193611,27.1,-3.9
193612,23.4,3.4
193701,16.2,1.2
193702,16.2,-1.9
193703,24.9,-2.9
193704,36.7,-0.8
193705,47.2,-0.4
193706,56.2,-1.2
193707,62.3,-0.4
193708,64.3,3.0
193709,52.0,-1.8
193710,40.3,-2.2
193711,26.1,-4.9
193712,18.2,-1.8
193801,16.4,1.4
193802,27.0,8.9
193803,33.8,6.0
193804,39.2,1.7
193805,47.7,0.1
193806,56.9,-0.5
193807,62.6,-0.1
193808,63.8,2.5
193809,55.0,1.2
193810,43.8,1.3
193811,32.0,1.0
193812,20.3,0.3
193901,22.9,7.9
193902,16.0,-2.1
193903,27.6,-0.2
193904,34.9,-2.6
193905,49.4,1.8
193906,60.3,2.9
193907,62.6,-0.1
193908,60.7,-0.6
193909,55.8,2.0
193910,42.3,-0.2
193911,30.7,-0.3
193912,26.2,6.2
194001,6.9,-8.1
194002,21.6,3.5
194003,24.8,-3.0
194004,35.4,-2.1
194005,44.6,-3.0
194006,56.7,-0.7
194007,61.8,-0.9
194008,62.4,1.1
194009,51.7,-2.1
194010,44.5,2.0
194011,27.6,-3.4
194012,24.8,4.8
194101,19.7,4.7
194102,16.0,-2.1
194103,24.3,-3.5
194104,42.2,4.7
194105,50.3,2.7
194106,58.7,1.3
194107,62.2,-0.5
194108,61.2,-0.1
194109,56.5,2.7
194110,45.4,2.9
194111,33.0,2.0
194112,28.0,8.0
194201,16.1,1.1
194202,18.8,0.7
194203,31.0,3.2
194204,40.2,2.7
194205,47.7,0.1
194206,58.8,1.4
194207,63.4,0.7
194208,60.6,-0.7
194209,51.7,-2.1
194210,42.0,-0.5
194211,31.0,0.0
194212,14.9,-5.1
194301,14.1,-0.9
194302,17.9,-0.2
194303,22.1,-5.7
194304,34.5,-3.0
194305,46.6,-1.0
194306,60.8,3.4
194307,63.2,0.5
194308,63.4,2.1
194309,50.0,-3.8
194310,41.8,-0.7
194311,27.1,-3.9
194312,19.6,-0.4
194401,21.2,6.2
194402,20.1,2.0
194403,24.7,-3.1
194404,35.2,-2.3
194405,52.8,5.2
194406,61.1,3.7
194407,61.3,-1.4
194408,62.2,0.9
194409,54.7,0.9
194410,41.5,-1.0
194411,35.0,4.0
194412,14.4,-5.6
194501,11.7,-3.3
194502,20.3,2.2
194503,37.2,9.4
194504,38.7,1.2
194505,43.2,-4.4
194506,53.8,-3.6
194507,59.3,-3.4
194508,60.2,-1.1
194509,53.6,-0.2
194510,39.6,-2.9
194511,31.1,0.1
194512,14.0,-6.0
194601,18.3,3.3
194602,18.8,0.7
194603,35.6,7.8
194604,38.4,0.9
194605,45.3,-2.3
194606,56.1,-1.3
194607,62.6,-0.1
194608,57.2,-4.1
194609,51.8,-2.0
194610,44.8,2.3
194611,32.4,1.4
194612,22.4,2.4
194701,19.8,4.8
194702,12.0,-6.1
194703,23.6,-4.2
194704,36.8,-0.7
194705,43.3,-4.3
194706,54.8,-2.6
194707,59.3,-3.4
194708,67.8,6.5
194709,55.6,1.8
194710,50.1,7.6
194711,26.3,-4.7
194712,22.4,2.4
194801,9.0,-6.0
194802,16.5,-1.6
194803,26.6,-1.2
194804,41.5,4.0
194805,43.2,-4.4
194806,56.2,-1.2
194807,63.5,0.8
194808,61.8,0.5
194809,56.4,2.6
194810,40.1,-2.4
194811,35.2,4.2
194812,21.9,1.9
194901,19.8,4.8
194902,18.3,0.2
194903,27.8,0.0
194904,35.6,-1.9
194905,47.8,0.2
194906,62.1,4.7
194907,66.7,4.0
194908,62.7,1.4
194909,47.8,-6.0
194910,45.4,2.9
194911,30.9,-0.1
194912,22.6,2.6
195001,18.9,3.9
195002,18.0,-0.1
195003,24.2,-3.6
195004,32.4,-5.1
195005,47.0,-0.6
195006,56.6,-0.8
195007,59.6,-3.1
195008,57.8,-3.5
195009,54.3,0.5
195010,46.4,3.9
195011,25.0,-6.0
195012,9.6,-10.4
195101,14.8,-0.2
195102,18.6,0.5
195103,25.8,-2.0
195104,36.3,-1.2
195105,49.0,1.4
195106,54.7,-2.7
195107,60.4,-2.3
195108,58.8,-2.5
195109,50.9,-2.9
195110,43.2,0.7
195111,23.5,-7.5
195112,15.9,-4.1
195201,17.0,2.0
195202,24.1,6.0
195203,26.4,-1.4
195204,38.9,1.4
195205,46.8,-0.8
195206,61.5,4.1
195207,64.8,2.1
195208,60.5,-0.8
195209,51.2,-2.6
195210,35.0,-7.5
195211,31.6,0.6
195212,25.1,5.1
195301,20.9,5.9
195302,21.8,3.7
195303,29.5,1.7
195304,36.3,-1.2
195305,48.3,0.7
195306,60.1,2.7
195307,63.6,0.9
195308,61.1,-0.2
195309,52.3,-1.5
195310,45.3,2.8
195311,33.6,2.6
195312,22.2,2.2
195401,17.8,2.8
195402,27.5,9.4
195403,24.8,-3.0
195404,39.8,2.3
195405,43.5,-4.1
195406,61.7,4.3
195407,63.0,0.3
195408,61.5,0.2
195409,55.6,1.8
195410,43.9,1.4
195411,32.2,1.2
195412,23.8,3.8
195501,15.8,0.8
195502,18.6,0.5
195503,25.6,-2.2
195504,42.6,5.1
195505,49.3,1.7
195506,56.4,-1.0
195507,67.8,5.1
195508,65.1,3.8
195509,53.9,0.1
195510,43.2,0.7
195511,25.0,-6.0
195512,16.3,-3.7
195601,19.4,4.4
195602,20.0,1.9
195603,26.3,-1.5
195604,35.3,-2.2
195605,47.3,-0.3
195606,60.5,3.1
195607,61.1,-1.6
195608,61.6,0.3
195609,50.5,-3.3
195610,46.7,4.2
195611,30.1,-0.9
195612,24.6,4.6
195701,8.6,-6.4
195702,24.3,6.2
195703,27.6,-0.2
195704,38.3,0.8
195705,46.9,-0.7
195706,59.0,1.6
195707,64.3,1.6
195708,61.2,-0.1
195709,51.8,-2.0
195710,40.7,-1.8
195711,30.6,-0.4
195712,24.6,4.6
195801,17.7,2.7
195802,10.9,-7.2
195803,28.5,0.7
195804,38.8,1.3
195805,46.7,-0.9
195806,52.2,-5.2
195807,62.0,-0.7
195808,61.0,-0.3
195809,53.6,-0.2
195810,44.0,1.5
195811,31.8,0.8
195812,12.3,-7.7
195901,7.6,-7.4
195902,16.0,-2.1
195903,26.8,-1.0
195904,37.2,-0.3
195905,53.1,5.5
195906,59.5,2.1
195907,61.7,-1.0
195908,66.7,5.4
195909,56.1,2.3
195910,41.4,-1.1
195911,23.1,-7.9
195912,27.6,7.6
196001,19.7,4.7
196002,18.3,0.2
196003,15.8,-12.0
196004,40.7,3.2
196005,46.9,-0.7
196006,56.3,-1.1
196007,60.9,-1.8
196008,62.8,1.5
196009,58.6,4.8
196010,42.6,0.1
196011,32.6,1.6
196012,15.6,-4.4
196101,13.2,-1.8
196102,24.0,5.9
196103,31.2,3.4
196104,34.0,-3.5
196105,44.1,-3.5
196106,55.4,-2.0
196107,62.6,-0.1
196108,62.0,0.7
196109,56.2,2.4
196110,44.2,1.7
196111,31.3,0.3
196112,16.9,-3.1
196201,8.7,-6.3
196202,17.1,-1.0
196203,26.2,-1.6
196204,37.5,0.0
196205,54.6,7.0
196206,57.4,0.0
196207,60.8,-1.9
196208,60.7,-0.6
196209,50.6,-3.2
196210,45.9,3.4
196211,31.4,0.4
196212,14.9,-5.1
196301,4.3,-10.7
196302,8.0,-10.1
196303,30.6,2.8
196304,39.2,1.7
196305,45.7,-1.9
196306,58.1,0.7
196307,62.6,-0.1
196308,58.8,-2.5
196309,53.2,-0.6
196310,49.8,7.3
196311,34.6,3.6
196312,7.7,-12.3
196401,20.2,5.2
196402,19.1,1.0
196403,26.1,-1.7
196404,40.0,2.5
196405,52.1,4.5
196406,59.1,1.7
196407,63.8,1.1
196408,58.8,-2.5
196409,53.4,-0.4
196410,37.4,-5.1
196411,33.0,2.0
196412,19.0,-1.0
196501,14.9,-0.1
196502,16.4,-1.7
196503,21.7,-6.1
196504,37.1,-0.4
196505,51.3,3.7
196506,56.2,-1.2
196507,61.1,-1.6
196508,59.6,-1.7
196509,55.0,1.2
196510,43.4,0.9
196511,32.1,1.1
196512,28.4,8.4
196601,8.8,-6.2
196602,18.5,0.4
196603,29.7,1.9
196604,36.3,-1.2
196605,43.4,-4.2
196606,59.0,1.6
196607,65.0,2.3
196608,59.1,-2.2
196609,51.9,-1.9
196610,40.0,-2.5
196611,32.8,1.8
196612,20.4,0.4
196701,19.2,4.2
196702,11.4,-6.7
196703,28.7,0.9
196704,39.0,1.5
196705,43.5,-4.1
196706,60.3,2.9
196707,59.1,-3.6
196708,56.8,-4.5
196709,51.4,-2.4
196710,42.4,-0.1
196711,28.8,-2.2
196712,22.3,2.3
196801,15.2,0.2
196802,13.3,-4.8
196803,30.8,3.0
196804,39.9,2.4
196805,45.4,-2.2
196806,59.1,1.7
196807,61.7,-1.0
196808,62.5,1.2
196809,54.2,0.4
196810,43.6,1.1
196811,32.7,1.7
196812,19.7,-0.3
196901,12.2,-2.8
196902,22.2,4.1
196903,23.0,-4.8
196904,38.4,0.9
196905,47.8,0.2
196906,53.4,-4.0
196907,63.6,0.9
196908,62.2,0.9
196909,54.7,0.9
196910,40.8,-1.7
196911,28.7,-2.3
196912,20.5,0.5
197001,7.7,-7.3
197002,15.8,-2.3
197003,25.1,-2.7
197004,40.1,2.6
197005,49.9,2.3
197006,58.5,1.1
197007,63.5,0.8
197008,62.1,0.8
197009,54.2,0.4
197010,44.4,1.9
197011,31.2,0.2
197012,21.2,1.2
197101,8.9,-6.1
197102,18.8,0.7
197103,25.6,-2.2
197104,35.3,-2.2
197105,44.2,-3.4
197106,60.8,3.4
197107,60.1,-2.6
197108,58.9,-2.4
197109,57.4,3.6
197110,49.3,6.8
197111,31.0,0.0
197112,26.5,6.5
197201,11.4,-3.6
197202,14.9,-3.2
197203,24.4,-3.4
197204,34.4,-3.1
197205,48.2,0.6
197206,53.2,-4.2
197207,62.3,-0.4
197208,62.5,1.2
197209,54.6,0.8
197210,40.5,-2.0
197211,32.5,1.5
197212,17.3,-2.7
197301,20.3,5.3
197302,21.8,3.7
197303,35.6,7.8
197304,38.7,1.2
197305,45.0,-2.6
197306,60.5,3.1
197307,64.4,1.7
197308,64.4,3.1
197309,56.3,2.5
197310,46.9,4.4
197311,32.7,1.7
197312,20.2,0.2
197401,17.3,2.3
197402,18.0,-0.1
197403,29.6,1.8
197404,40.0,2.5
197405,46.4,-1.2
197406,55.1,-2.3
197407,63.1,0.4
197408,59.8,-1.5
197409,49.0,-4.8
197410,41.4,-1.1
197411,32.7,1.7
197412,24.2,4.2
197501,19.2,4.2
197502,19.5,1.4
197503,24.8,-3.0
197504,33.5,-4.0
197505,50.6,3.0
197506,60.1,2.7
197507,62.8,0.1
197508,64.8,3.5
197509,50.1,-3.7
197510,43.3,0.8
197511,37.1,6.1
197512,23.4,3.4
197601,9.7,-5.3
197602,23.9,5.8
197603,31.6,3.8
197604,40.2,2.7
197605,44.3,-3.3
197606,58.4,1.0
197607,62.5,-0.2
197608,58.3,-3.0
197609,50.4,-3.4
197610,37.6,-4.9
197611,21.9,-9.1
197612,9.3,-10.7
197701,0.1,-14.9
197702,17.4,-0.7
197703,34.7,6.9
197704,41.7,4.2
197705,54.0,6.4
197706,55.7,-1.7
197707,65.6,2.9
197708,60.5,-0.8
197709,55.7,1.9
197710,40.6,-1.9
197711,32.3,1.3
197712,15.5,-4.5
197801,7.7,-7.3
197802,7.4,-10.7
197803,23.7,-4.1
197804,37.3,-0.2
197805,48.5,0.9
197806,57.5,0.1
197807,62.4,-0.3
197808,61.9,0.6
197809,57.4,3.6
197810,40.7,-1.8
197811,31.9,0.9
197812,17.5,-2.5
197901,2.8,-12.2
197902,7.6,-10.5
197903,27.2,-0.6
197904,35.8,-1.7
197905,47.8,0.2
197906,57.9,0.5
197907,61.5,-1.2
197908,61.8,0.5
197909,54.1,0.3
197910,42.8,0.3
197911,31.4,0.4
197912,24.6,4.6
198001,16.0,1.0
198002,14.2,-3.9
198003,24.7,-3.1
198004,37.4,-0.1
198005,48.5,0.9
198006,55.2,-2.2
198007,64.5,1.8
198008,64.3,3.0
198009,54.8,1.0
198010,38.4,-4.1
198011,32.0,1.0
198012,20.6,0.6
198101,14.0,-1.0
198102,19.1,1.0
198103,28.0,0.2
198104,41.0,3.5
198105,44.6,-3.0
198106,60.1,2.7
198107,62.6,-0.1
198108,62.0,0.7
198109,53.2,-0.6
198110,39.5,-3.0
198111,32.4,1.4
198112,18.5,-1.5
198201,3.9,-11.1
198202,13.6,-4.5
198203,26.1,-1.7
198204,33.7,-3.8
198205,53.6,6.0
198206,52.3,-5.1
198207,63.9,1.2
198208,59.2,-2.1
198209,53.1,-0.7
198210,43.0,0.5
198211,33.1,2.1
198212,29.2,9.2
198301,21.6,6.6
198302,24.8,6.7
198303,30.8,3.0
198304,36.1,-1.4
198305,45.1,-2.5
198306,59.4,2.0
198307,66.7,4.0
198308,66.4,5.1
198309,53.4,-0.4
198310,44.0,1.5
198311,35.1,4.1
198312,9.6,-10.4
198401,11.2,-3.8
198402,26.6,8.5
198403,23.1,-4.7
198404,37.8,0.3
198405,45.9,-1.7
198406,60.6,3.2
198407,61.0,-1.7
198408,62.5,1.2
198409,51.8,-2.0
198410,46.0,3.5
198411,30.4,-0.6
198412,24.3,4.3
198501,8.2,-6.8
198502,14.7,-3.4
198503,32.0,4.2
198504,43.4,5.9
198505,50.3,2.7
198506,55.6,-1.8
198507,62.9,0.2
198508,60.0,-1.3
198509,56.4,2.6
198510,44.6,2.1
198511,33.2,2.2
198512,10.4,-9.6
198601,16.6,1.6
198602,19.2,1.1
198603,30.6,2.8
198604,40.9,3.4
198605,49.8,2.2
198606,56.6,-0.8
198607,65.9,3.2
198608,58.6,-2.7
198609,57.5,3.7
198610,44.8,2.3
198611,28.8,-2.2
198612,24.5,4.5
198701,19.6,4.6
198702,25.2,7.1
198703,31.6,3.8
198704,39.4,1.9
198705,52.3,4.7
198706,61.6,4.2
198707,66.7,4.0
198708,63.0,1.7
198709,54.2,0.4
198710,36.6,-5.9
198711,36.4,5.4
198712,26.9,6.9
198801,11.3,-3.7
198802,14.0,-4.1
198803,28.8,1.0
198804,37.3,-0.2
198805,48.4,0.8
198806,59.2,1.8
198807,64.5,1.8
198808,66.6,5.3
198809,54.6,0.8
198810,36.7,-5.8
198811,34.0,3.0
198812,19.7,-0.3
198901,24.4,9.4
198902,12.8,-5.3
198903,27.2,-0.6
198904,36.3,-1.2
198905,46.9,-0.7
198906,57.6,0.2
198907,64.4,1.7
198908,61.3,0.0
198909,51.8,-2.0
198910,42.1,-0.4
198911,28.4,-2.6
198912,8.3,-11.7
199001,25.5,10.5
199002,22.9,4.8
199003,33.0,5.2
199004,39.3,1.8
199005,46.3,-1.3
199006,58.5,1.1
199007,62.6,-0.1
199008,62.3,1.0
199009,56.2,2.4
199010,40.2,-2.3
199011,35.8,4.8
199012,20.9,0.9
199101,13.9,-1.1
199102,23.3,5.2
199103,31.2,3.4
199104,42.4,4.9
199105,55.6,8.0
199106,61.8,4.4
199107,64.5,1.8
199108,63.0,1.7
199109,53.1,-0.7
199110,43.3,0.8
199111,27.1,-3.9
199112,23.2,3.2
199201,22.1,7.1
199202,27.3,9.2
199203,29.0,1.2
199204,36.8,-0.7
199205,45.7,-1.9
199206,53.8,-3.6
199207,60.6,-2.1
199208,57.1,-4.2
199209,52.7,-1.1
199210,40.8,-1.7
199211,33.6,2.6
199212,22.8,2.8
199301,19.6,4.6
199302,17.9,-0.2
199303,26.9,-0.9
199304,36.5,-1.0
199305,49.1,1.5
199306,57.3,-0.1
199307,65.7,3.0
199308,64.0,2.7
199309,50.7,-3.1
199310,39.8,-2.7
199311,31.3,0.3
199312,23.1,3.1
199401,8.6,-6.4
199402,13.8,-4.3
199403,28.5,0.7
199404,39.6,2.1
199405,45.7,-1.9
199406,58.2,0.8
199407,62.4,-0.3
199408,59.2,-2.1
199409,55.8,2.0
199410,44.8,2.3
199411,35.7,4.7
199412,27.7,7.7
199501,17.6,2.6
199502,18.9,0.8
199503,30.8,3.0
199504,36.0,-1.5
199505,47.4,-0.2
199506,60.0,2.6
199507,66.0,3.3
199508,69.7,8.4
199509,51.8,-2.0
199510,43.5,1.0
199511,24.8,-6.2
199512,18.8,-1.2
199601,15.4,0.4
199602,17.9,-0.2
199603,21.7,-6.1
199604,34.8,-2.7
199605,45.9,-1.7
199606,58.0,0.6
199607,59.6,-3.1
199608,62.3,1.0
199609,53.8,0.0
199610,42.3,-0.2
199611,26.2,-4.8
199612,21.9,1.9
199701,10.3,-4.7
199702,23.0,4.9
199703,29.6,1.8
199704,34.5,-3.0
199705,42.8,-4.8
199706,57.3,-0.1
199707,62.8,0.1
199708,59.8,-1.5
199709,54.1,0.3
199710,42.6,0.1
199711,30.2,-0.8
199712,26.3,6.3
199801,23.0,8.0
199802,32.4,14.3
199803,31.4,3.6
199804,40.5,3.0
199805,53.9,6.3
199806,58.8,1.4
199807,64.0,1.3
199808,64.5,3.2
199809,57.6,3.8
199810,45.3,2.8
199811,36.2,5.2
199812,26.1,6.1
199901,13.9,-1.1
199902,26.4,8.3
199903,26.6,-1.2
199904,40.6,3.1
199905,51.1,3.5
199906,60.4,3.0
199907,68.1,5.4
199908,60.6,-0.7
199909,51.1,-2.7
199910,41.2,-1.3
199911,34.9,3.9
199912,22.2,2.2
200001,17.4,2.4
200002,25.6,7.5
200003,33.8,6.0
200004,36.9,-0.6
200005,51.8,4.2
200006,57.7,0.3
200007,61.8,-0.9
200008,62.8,1.5
200009,54.2,0.4
200010,45.7,3.2
200011,30.8,-0.2
200012,8.4,-11.6
200101,17.9,2.9
200102,18.5,0.4
200103,25.5,-2.3
200104,41.2,3.7
200105,50.2,2.6
200106,57.3,-0.1
200107,64.1,1.4
200108,63.7,2.4
200109,52.4,-1.4
200110,43.4,0.9
200111,39.1,8.1
200112,26.5,6.5
200201,24.5,9.5
200202,24.2,6.1
200203,25.1,-2.7
200204,40.2,2.7
200205,44.4,-3.2
200206,60.1,2.7
200207,66.6,3.9
200208,63.3,2.0
200209,55.7,1.9
200210,41.5,-1.0
200211,30.1,-0.9
200212,22.9,2.9
200301,13.7,-1.3
200302,15.3,-2.8
200303,27.3,-0.5
200304,37.1,-0.4
200305,46.1,-1.5
200306,53.9,-3.5
200307,61.1,-1.6
200308,63.5,2.2
200309,52.8,-1.0
200310,41.0,-1.5
200311,34.4,3.4
200312,24.6,4.6
200401,13.4,-1.6
200402,19.4,1.3
200403,32.8,5.0
200404,39.2,1.7
200405,49.0,1.4
200406,57.0,-0.4
200407,61.8,-0.9
200408,57.5,-3.8
200409,55.2,1.4
200410,43.7,1.2
200411,36.6,5.6
200412,21.4,1.4
200501,18.1,3.1
200502,25.3,7.2
200503,25.6,-2.2
200504,40.5,3.0
200505,45.9,-1.7
200506,62.9,5.5
200507,64.3,1.6
200508,63.8,2.5
200509,58.4,4.6
200510,44.9,2.4
200511,32.7,1.7
200512,16.8,-3.2
200601,29.3,14.3
200602,19.6,1.5
200603,29.6,1.8
200604,41.8,4.3
200605,49.1,1.5
200606,57.3,-0.1
200607,66.2,3.5
200608,63.7,2.4
200609,52.9,-0.9
200610,39.5,-3.0
200611,35.8,4.8
200612,27.0,7.0
200701,22.0,7.0
200702,10.6,-7.5
200703,33.0,5.2
200704,36.6,-0.9
200705,51.3,3.7
200706,60.3,2.9
200707,62.1,-0.6
200708,65.1,3.8
200709,56.2,2.4
200710,49.0,6.5
200711,31.1,0.1
200712,21.2,1.2
200801,14.8,-0.2
200802,15.5,-2.6
200803,26.6,-1.2
200804,39.3,1.8
200805,44.6,-3.0
200806,60.1,2.7
200807,63.1,0.4
200808,61.5,0.2
200809,56.2,2.4
200810,42.8,0.3
200811,31.7,0.7
200812,13.7,-6.3
200901,7.8,-7.2
200902,19.4,1.3
200903,29.7,1.9
200904,37.0,-0.5
200905,48.7,1.1
200906,57.6,0.2
200907,59.5,-3.2
200908,60.4,-0.9
200909,54.9,1.1
200910,41.2,-1.3
200911,37.3,6.3
200912,21.1,1.1
201001,15.2,0.2
201002,20.1,2.0
201003,32.1,4.3
201004,43.3,5.8
201005,51.3,3.7
201006,61.2,3.8
201007,66.8,4.1
201008,66.0,4.7
201009,54.8,1.0
201010,43.4,0.9
201011,32.3,1.3
201012,15.4,-4.6
201101,14.6,-0.4
201102,19.6,1.5
201103,28.4,0.6
201104,38.5,1.0
201105,48.4,0.8
201106,59.2,1.8
201107,68.1,5.4
201108,62.5,1.2
201109,53.1,-0.7
201110,43.1,0.6
201111,36.2,5.2
201112,27.7,7.7
201201,21.3,6.3
201202,25.0,6.9
201203,42.6,14.8
201204,39.5,2.0
201205,52.9,5.3
201206,60.5,3.1
201207,69.3,6.6
201208,61.2,-0.1
201209,52.3,-1.5
201210,41.4,-1.1
201211,31.2,0.2
201212,29.5,9.5
201301,17.5,2.5
201302,18.6,0.5
201303,24.6,-3.2
201304,36.5,-1.0
201305,50.1,2.5
201306,57.9,0.5
201307,63.2,0.5
201308,61.5,0.2
201309,55.8,2.0
201310,42.9,0.4
201311,28.6,-2.4
201312,15.2,-4.8
201401,5.7,-9.3
201402,8.2,-9.9
201403,20.9,-6.9
201404,37.4,-0.1
201405,49.8,2.2
201406,60.0,2.6
201407,59.8,-2.9
201408,63.7,2.4
201409,53.2,-0.6
201410,43.1,0.6
201411,26.1,-4.9
201412,27.5,7.5
201501,15.5,0.5
201502,7.0,-11.1
201503,25.4,-2.4
201504,38.7,1.2
201505,51.0,3.4
201506,57.5,0.1
201507,62.1,-0.6
201508,61.5,0.2
201509,59.2,5.4
201510,45.1,2.6
201511,35.7,4.7
201512,33.8,13.8
201601,17.8,2.8
201602,23.5,5.4
201603,34.7,6.9
201604,37.8,0.3
201605,48.8,1.2
201606,60.5,3.1
201607,65.3,2.6
201608,66.3,5.0
201609,60.4,6.6
201610,47.7,5.2
201611,38.1,7.1
201612,19.4,-0.6
201701,22.7,7.7
201702,28.1,10.0
201703,30.1,2.3
201704,42.1,4.6
201705,46.9,-0.7
201706,59.5,2.1
201707,63.7,1.0
201708,59.7,-1.6
201709,56.8,3.0
201710,48.3,5.8
201711,31.0,0.0
201712,19.4,-0.6
201801,15.5,0.5
201802,18.9,0.8
201803,27.9,0.1
201804,30.8,-6.7
201805,54.3,6.7
201806,60.7,3.3
201807,64.5,1.8
201808,65.0,3.7
201809,58.3,4.5
201810,42.7,0.2
201811,28.5,-2.5
201812,25.8,5.8
201901,14.7,-0.3
201902,17.6,-0.5
201903,25.0,-2.8
201904,38.9,1.4
201905,47.4,-0.2
201906,57.0,-0.4
201907,66.5,3.8
201908,62.1,0.8
201909,60.4,6.6
201910,42.3,-0.2
201911,27.1,-3.9
201912,26.1,6.1
202001,24.1,9.1
202002,21.6,3.5
202003,32.3,4.5
202004,36.2,-1.3
202005,48.1,0.5
202006,60.4,3.0
202007,66.8,4.1
202008,62.6,1.3
202009,54.4,0.6
202010,39.4,-3.1
202011,36.4,5.4
202012,24.7,4.7
202101,22.5,7.5
202102,10.3,-7.8
202103,32.9,5.1
202104,39.8,2.3
202105,48.0,0.4
202106,61.9,4.5
202107,64.3,1.6
202108,65.4,4.1
202109,57.7,3.9
202110,50.7,8.2
