Cook County, Illinois, Precipitation
Units: Inches
Base Period: 1901-2000
Missing: -99
Date,Value,Anomaly
189501,1.90,0.12
189502,0.66,-0.80
189503,0.79,-1.77
189504,1.81,-1.57
189505,2.52,-1.21
189506,1.46,-2.51
189507,3.60,0.11
189508,3.74,0.27
189509,1.63,-1.79
189510,0.84,-1.86
189511,3.68,1.24
189512,5.66,3.62
189601,1.02,-0.76
189602,2.08,0.62
189603,1.77,-0.79
189604,3.64,0.26
189605,4.99,1.26
189606,3.07,-0.90
189607,5.11,1.62
189608,2.93,-0.54
189609,7.49,4.07
189610,0.66,-2.04
189611,2.57,0.13
189612,0.45,-1.59
189701,5.82,4.04
189702,1.78,0.32
189703,3.98,1.42
189704,2.95,-0.43
189705,1.33,-2.40
189706,4.14,0.17
189707,2.54,-0.95
189708,1.32,-2.15
189709,0.79,-2.63
189710,0.51,-2.19
189711,3.34,0.90
189712,1.37,-0.67
189801,3.70,1.92
189802,2.30,0.84
189803,5.43,2.87
189804,1.34,-2.04
189805,3.84,0.11
189806,6.01,2.04
189807,1.68,-1.81
189808,4.89,1.42
189809,3.79,0.37
189810,4.89,2.19
189811,2.33,-0.11
189812,1.51,-0.53
189901,0.71,-1.07
189902,1.47,0.01
189903,2.20,-0.36
189904,0.48,-2.90
189905,5.62,1.89
189906,2.03,-1.94
189907,5.15,1.66
189908,1.65,-1.82
189909,2.22,-1.20
189910,2.33,-0.37
189911,1.24,-1.20
189912,1.75,-0.29
190001,1.48,-0.30
190002,3.44,1.98
190003,1.86,-0.70
190004,0.98,-2.40
190005,3.24,-0.49
190006,2.48,-1.49
190007,4.43,0.94
190008,5.38,1.91
190009,1.99,-1.43
190010,2.25,-0.45
190011,3.13,0.69
190012,0.50,-1.54
190101,1.75,-0.03
190102,1.58,0.12
190103,3.67,1.11
190104,0.53,-2.85
190105,1.12,-2.61
190106,2.35,-1.62
190107,4.09,0.60
190108,1.74,-1.73
190109,2.17,-1.25
190110,1.28,-1.42
190111,1.21,-1.23
190112,1.72,-0.32
190201,0.58,-1.20
190202,1.54,0.08
190203,3.43,0.87
190204,2.11,-1.27
190205,6.99,3.26
190206,9.66,5.69
190207,7.74,4.25
190208,2.50,-0.97
190209,5.81,2.39
190210,2.44,-0.26
190211,2.90,0.46
190212,1.87,-0.17
190301,0.99,-0.79
190302,2.06,0.60
190303,2.70,0.14
190304,3.82,0.44
190305,2.84,-0.89
190306,2.34,-1.63
190307,5.61,2.12
190308,5.39,1.92
190309,5.32,1.90
190310,1.91,-0.79
190311,0.86,-1.58
190312,1.89,-0.15
190401,2.14,0.36
190402,1.47,0.01
190403,4.73,2.17
190404,3.54,0.16
190405,2.95,-0.78
190406,1.41,-2.56
190407,3.31,-0.18
190408,3.82,0.35
190409,4.35,0.93
190410,1.38,-1.32
190411,0.22,-2.22
190412,1.60,-0.44
190501,1.14,-0.64
190502,1.46,0.00
190503,2.32,-0.24
190504,3.72,0.34
190505,5.85,2.12
190506,4.91,0.94
190507,4.00,0.51
190508,4.45,0.98
190509,2.80,-0.62
190510,3.09,0.39
190511,2.32,-0.12
190512,1.46,-0.58
190601,2.95,1.17
190602,2.23,0.77
190603,1.94,-0.62
190604,1.69,-1.69
190605,2.47,-1.26
190606,1.95,-2.02
190607,2.22,-1.27
190608,4.23,0.76
190609,5.78,2.36
190610,2.49,-0.21
190611,2.94,0.50
190612,2.31,0.27
190701,5.03,3.25
190702,0.42,-1.04
190703,2.62,0.06
190704,2.25,-1.13
190705,4.13,0.40
190706,2.96,-1.01
190707,5.32,1.83
190708,4.99,1.52
190709,5.52,2.10
190710,0.99,-1.71
190711,1.75,-0.69
190712,2.12,0.08
190801,1.14,-0.64
190802,2.90,1.44
190803,3.72,1.16
190804,3.56,0.18
190805,6.71,2.98
190806,1.85,-2.12
190807,3.94,0.45
190808,3.70,0.23
190809,1.05,-2.37
190810,0.88,-1.82
190811,2.44,0.00
190812,1.17,-0.87
190901,1.76,-0.02
190902,2.78,1.32
190903,1.29,-1.27
190904,7.47,4.09
190905,2.72,-1.01
190906,3.52,-0.45
190907,1.34,-2.15
190908,3.97,0.50
190909,3.11,-0.31
190910,1.86,-0.84
190911,4.22,1.78
190912,3.66,1.62
191001,2.46,0.68
191002,0.86,-0.60
191003,0.27,-2.29
191004,3.41,0.03
191005,5.24,1.51
191006,0.67,-3.30
191007,2.11,-1.38
191008,3.85,0.38
191009,3.26,-0.16
191010,2.07,-0.63
191011,1.16,-1.28
191012,1.23,-0.81
191101,1.41,-0.37
191102,2.11,0.65
191103,1.09,-1.47
191104,3.96,0.58
191105,3.06,-0.67
191106,3.46,-0.51
191107,1.76,-1.73
191108,4.46,0.99
191109,6.74,3.32
191110,4.34,1.64
191111,2.92,0.48
191112,2.03,-0.01
191201,0.60,-1.18
191202,1.25,-0.21
191203,1.62,-0.94
191204,2.68,-0.70
191205,4.26,0.53
191206,2.37,-1.60
191207,3.70,0.21
191208,2.54,-0.93
191209,3.11,-0.31
191210,4.77,2.07
191211,1.75,-0.69
191212,1.14,-0.90
191301,1.75,-0.03
191302,2.02,0.56
191303,3.43,0.87
191304,2.37,-1.01
191305,5.73,2.00
191306,1.44,-2.53
191307,4.25,0.76
191308,2.93,-0.54
191309,1.65,-1.77
191310,3.23,0.53
191311,1.42,-1.02
191312,0.54,-1.50
191401,2.32,0.54
191402,0.77,-0.69
191403,2.20,-0.36
191404,1.38,-2.00
191405,5.14,1.41
191406,4.65,0.68
191407,1.56,-1.93
191408,3.50,0.03
191409,2.35,-1.07
191410,2.64,-0.06
191411,0.37,-2.07
191412,2.57,0.53
191501,1.82,0.04
191502,2.01,0.55
191503,0.64,-1.92
191504,0.68,-2.70
191505,6.43,2.70
191506,3.31,-0.66
191507,6.83,3.34
191508,3.98,0.51
191509,4.01,0.59
191510,0.93,-1.77
191511,1.80,-0.64
191512,1.23,-0.81
191601,4.88,3.10
191602,0.81,-0.65
191603,2.40,-0.16
191604,1.17,-2.21
191605,3.89,0.16
191606,7.18,3.21
191607,0.68,-2.81
191608,1.54,-1.93
191609,3.43,0.01
191610,4.54,1.84
191611,2.08,-0.36
191612,2.87,0.83
191701,1.58,-0.20
191702,0.47,-0.99
191703,1.82,-0.74
191704,2.29,-1.09
191705,2.79,-0.94
191706,4.95,0.98
191707,4.84,1.35
191708,1.39,-2.08
191709,2.54,-0.88
191710,3.92,1.22
191711,0.29,-2.15
191712,0.90,-1.14
191801,2.90,1.12
191802,2.30,0.84
191803,1.58,-0.98
191804,3.28,-0.10
191805,4.63,0.90
191806,2.20,-1.77
191807,3.20,-0.29
191808,2.25,-1.22
191809,2.23,-1.19
191810,3.90,1.20
191811,2.13,-0.31
191812,3.24,1.20
191901,0.22,-1.56
191902,2.08,0.62
191903,3.57,1.01
191904,3.25,-0.13
191905,4.47,0.74
191906,2.51,-1.46
191907,2.36,-1.13
191908,1.43,-2.04
191909,3.39,-0.03
191910,5.25,2.55
191911,2.91,0.47
191912,1.11,-0.93
192001,1.25,-0.53
192002,0.37,-1.09
192003,5.26,2.70
192004,4.88,1.50
192005,2.20,-1.53
192006,3.62,-0.35
192007,1.62,-1.87
192008,2.37,-1.10
192009,2.60,-0.82
192010,1.77,-0.93
192011,1.25,-1.19
192012,2.95,0.91
192101,1.11,-0.67
192102,0.59,-0.87
192103,4.06,1.50
192104,4.27,0.89
192105,1.50,-2.23
192106,2.97,-1.00
192107,0.98,-2.51
192108,5.86,2.39
192109,5.12,1.70
192110,3.28,0.58
192111,3.37,0.93
192112,3.45,1.41
192201,1.55,-0.23
192202,0.93,-0.53
192203,5.44,2.88
192204,3.33,-0.05
192205,4.65,0.92
192206,0.41,-3.56
192207,3.42,-0.07
192208,1.31,-2.16
192209,3.32,-0.10
192210,3.14,0.44
192211,2.40,-0.04
192212,1.32,-0.72
192301,1.20,-0.58
192302,1.36,-0.10
192303,2.49,-0.07
192304,1.46,-1.92
192305,3.45,-0.28
192306,2.76,-1.21
192307,2.37,-1.12
192308,4.43,0.96
192309,4.16,0.74
192310,5.02,2.32
192311,1.49,-0.95
192312,2.13,0.09
192401,1.95,0.17
192402,1.82,0.36
192403,2.81,0.25
192404,1.71,-1.67
192405,2.80,-0.93
192406,7.83,3.86
192407,2.96,-0.53
192408,6.09,2.62
192409,2.86,-0.56
192410,0.39,-2.31
192411,0.97,-1.47
192412,2.40,0.36
192501,0.81,-0.97
192502,1.64,0.18
192503,2.08,-0.48
192504,3.19,-0.19
192505,1.51,-2.22
192506,3.89,-0.08
192507,3.94,0.45
192508,0.80,-2.67
192509,4.35,0.93
192510,3.59,0.89
192511,2.10,-0.34
192512,1.06,-0.98
192601,1.35,-0.43
192602,2.41,0.95
192603,2.64,0.08
192604,2.09,-1.29
192605,2.83,-0.90
192606,6.34,2.37
192607,3.89,0.40
192608,2.05,-1.42
192609,6.64,3.22
192610,2.02,-0.68
192611,4.35,1.91
192612,0.90,-1.14
192701,1.26,-0.52
192702,0.98,-0.48
192703,2.23,-0.33
192704,6.18,2.80
192705,5.08,1.35
192706,2.85,-1.12
192707,2.80,-0.69
192708,2.85,-0.62
192709,6.02,2.60
192710,2.99,0.29
192711,4.68,2.24
192712,2.89,0.85
192801,0.63,-1.15
192802,1.57,0.11
192803,1.46,-1.10
192804,2.48,-0.90
192805,1.81,-1.92
192806,5.57,1.60
192807,4.04,0.55
192808,4.71,1.24
192809,2.22,-1.20
192810,3.37,0.67
192811,4.32,1.88
192812,2.64,0.60
192901,3.66,1.88
192902,0.57,-0.89
192903,3.80,1.24
192904,5.28,1.90
192905,2.66,-1.07
192906,5.37,1.40
192907,2.83,-0.66
192908,2.35,-1.12
192909,2.70,-0.72
192910,3.29,0.59
192911,1.45,-0.99
192912,1.79,-0.25
193001,2.21,0.43
193002,1.43,-0.03
193003,2.55,-0.01
193004,3.02,-0.36
193005,2.47,-1.26
193006,3.35,-0.62
193007,2.06,-1.43
193008,2.13,-1.34
193009,2.27,-1.15
193010,3.02,0.32
193011,1.77,-0.67
193012,0.36,-1.68
193101,0.58,-1.20
193102,0.48,-0.98
193103,2.98,0.42
193104,1.94,-1.44
193105,4.75,1.02
193106,5.41,1.44
193107,2.07,-1.42
193108,4.86,1.39
193109,4.96,1.54
193110,3.39,0.69
193111,4.65,2.21
193112,2.28,0.24
193201,2.22,0.44
193202,1.29,-0.17
193203,2.92,0.36
193204,0.75,-2.63
193205,3.12,-0.61
193206,4.03,0.06
193207,4.06,0.57
193208,3.40,-0.07
193209,1.08,-2.34
193210,4.10,1.40
193211,1.81,-0.63
193212,2.83,0.79
193301,2.08,0.30
193302,1.18,-0.28
193303,3.39,0.83
193304,3.47,0.09
193305,5.90,2.17
193306,3.00,-0.97
193307,3.02,-0.47
193308,2.23,-1.24
193309,3.41,-0.01
193310,3.69,0.99
193311,0.80,-1.64
193312,1.17,-0.87
193401,0.79,-0.99
193402,0.49,-0.97
193403,1.19,-1.37
193404,1.27,-2.11
193405,0.70,-3.03
193406,2.93,-1.04
193407,1.06,-2.43
193408,3.46,-0.01
193409,4.95,1.53
193410,2.23,-0.47
193411,4.96,2.52
193412,1.81,-0.23
193501,2.32,0.54
193502,1.60,0.14
193503,2.94,0.38
193504,2.02,-1.36
193505,6.58,2.85
193506,4.62,0.65
193507,3.09,-0.40
193508,4.41,0.94
193509,3.11,-0.31
193510,1.78,-0.92
193511,4.23,1.79
193512,1.26,-0.78
193601,1.50,-0.28
193602,1.42,-0.04
193603,0.94,-1.62
193604,2.39,-0.99
193605,2.08,-1.65
193606,1.39,-2.58
193607,0.36,-3.13
193608,5.78,2.31
193609,9.28,5.86
193610,2.89,0.19
193611,0.94,-1.50
193612,3.18,1.14
193701,2.50,0.72
193702,0.89,-0.57
193703,1.17,-1.39
193704,4.57,1.19
193705,2.54,-1.19
193706,4.79,0.82
193707,1.91,-1.58
193708,3.70,0.23
193709,2.05,-1.37
193710,2.73,0.03
193711,1.21,-1.23
193712,1.23,-0.81
193801,2.49,0.71
193802,2.20,0.74
193803,3.44,0.88
193804,2.31,-1.07
193805,4.42,0.69
193806,6.58,2.61
193807,4.53,1.04
193808,3.22,-0.25
193809,5.51,2.09
193810,1.18,-1.52
193811,1.27,-1.17
193812,1.28,-0.76
193901,2.31,0.53
193902,2.43,0.97
193903,2.25,-0.31
193904,3.16,-0.22
193905,3.11,-0.62
193906,6.08,2.11
193907,2.92,-0.57
193908,1.87,-1.60
193909,0.78,-2.64
193910,2.80,0.10
193911,0.94,-1.50
193912,0.74,-1.30
194001,1.48,-0.30
194002,1.18,-0.28
194003,1.84,-0.72
194004,2.93,-0.45
194005,5.17,1.44
194006,3.20,-0.77
194007,1.52,-1.97
194008,5.19,1.72
194009,0.29,-3.13
194010,3.63,0.93
194011,2.33,-0.11
194012,1.46,-0.58
194101,2.48,0.70
194102,1.08,-0.38
194103,2.30,-0.26
194104,2.53,-0.85
194105,3.51,-0.22
194106,3.12,-0.85
194107,3.00,-0.49
194108,2.57,-0.90
194109,5.79,2.37
194110,8.37,5.67
194111,2.49,0.05
194112,1.22,-0.82
194201,1.20,-0.58
194202,2.39,0.93
194203,2.61,0.05
194204,1.56,-1.82
194205,4.28,0.55
194206,3.57,-0.40
194207,3.22,-0.27
194208,3.96,0.49
194209,5.00,1.58
194210,1.61,-1.09
194211,3.50,1.06
194212,2.56,0.52
194301,2.23,0.45
194302,1.28,-0.18
194303,2.53,-0.03
194304,3.58,0.20
194305,7.17,3.44
194306,1.87,-2.10
194307,4.67,1.18
194308,6.00,2.53
194309,1.18,-2.24
194310,1.72,-0.98
194311,1.71,-0.73
194312,0.38,-1.66
194401,0.99,-0.79
194402,1.62,0.16
194403,4.61,2.05
194404,3.51,0.13
194405,3.78,0.05
194406,3.48,-0.49
194407,1.87,-1.62
194408,2.52,-0.95
194409,2.00,-1.42
194410,0.82,-1.88
194411,1.36,-1.08
194412,1.27,-0.77
194501,0.97,-0.81
194502,1.26,-0.20
194503,2.44,-0.12
194504,4.41,1.03
194505,7.57,3.84
194506,3.91,-0.06
194507,1.87,-1.62
194508,3.78,0.31
194509,6.93,3.51
194510,1.48,-1.22
194511,2.70,0.26
194512,1.67,-0.37
194601,2.07,0.29
194602,0.94,-0.52
194603,3.42,0.86
194604,1.06,-2.32
194605,3.54,-0.19
194606,4.92,0.95
194607,0.76,-2.73
194608,2.53,-0.94
194609,1.49,-1.93
194610,2.46,-0.24
194611,2.92,0.48
194612,2.21,0.17
194701,2.27,0.49
194702,0.37,-1.09
194703,2.48,-0.08
194704,8.09,4.71
194705,4.83,1.10
194706,4.64,0.67
194707,2.63,-0.86
194708,3.14,-0.33
194709,4.04,0.62
194710,1.96,-0.74
194711,2.51,0.07
194712,1.65,-0.39
194801,1.41,-0.37
194802,1.59,0.13
194803,4.88,2.32
194804,1.81,-1.57
194805,5.20,1.47
194806,3.08,-0.89
194807,2.16,-1.33
194808,1.69,-1.78
194809,2.36,-1.06
194810,0.66,-2.04
194811,2.42,-0.02
194812,2.75,0.71
194901,2.91,1.13
194902,2.10,0.64
194903,2.64,0.08
194904,1.91,-1.47
194905,2.41,-1.32
194906,4.46,0.49
194907,3.98,0.49
194908,1.86,-1.61
194909,1.40,-2.02
194910,2.92,0.22
194911,0.93,-1.51
194912,5.72,3.68
195001,3.59,1.81
195002,2.53,1.07
195003,2.05,-0.51
195004,5.31,1.93
195005,1.16,-2.57
195006,7.95,3.98
195007,4.38,0.89
195008,1.67,-1.80
195009,2.35,-1.07
195010,1.27,-1.43
195011,1.76,-0.68
195012,2.50,0.46
195101,1.75,-0.03
195102,2.14,0.68
195103,2.92,0.36
195104,3.66,0.28
195105,4.41,0.68
195106,3.02,-0.95
195107,4.65,1.16
195108,3.90,0.43
195109,4.37,0.95
195110,3.20,0.50
195111,3.39,0.95
195112,2.72,0.68
195201,1.84,0.06
195202,0.42,-1.04
195203,3.39,0.83
195204,2.75,-0.63
195205,3.07,-0.66
195206,5.13,1.16
195207,3.52,0.03
195208,2.53,-0.94
195209,1.40,-2.02
195210,0.56,-2.14
195211,2.39,-0.05
195212,2.02,-0.02
195301,1.38,-0.40
195302,1.31,-0.15
195303,3.13,0.57
195304,2.84,-0.54
195305,2.77,-0.96
195306,4.18,0.21
195307,3.64,0.15
195308,1.59,-1.88
195309,2.19,-1.23
195310,1.03,-1.67
195311,1.18,-1.26
195312,2.44,0.40
195401,1.01,-0.77
195402,2.04,0.58
195403,4.46,1.90
195404,4.91,1.53
195405,2.22,-1.51
195406,4.60,0.63
195407,5.19,1.70
195408,5.23,1.76
195409,0.86,-2.56
195410,10.49,7.79
195411,1.26,-1.18
195412,1.99,-0.05
195501,1.36,-0.42
195502,1.74,0.28
195503,1.88,-0.68
195504,2.45,-0.93
195505,3.93,0.20
195506,3.40,-0.57
195507,2.89,-0.60
195508,4.09,0.62
195509,1.84,-1.58
195510,5.07,2.37
195511,1.61,-0.83
195512,0.65,-1.39
195601,0.39,-1.39
195602,1.91,0.45
195603,0.99,-1.57
195604,4.24,0.86
195605,3.82,0.09
195606,1.58,-2.39
195607,2.68,-0.81
195608,3.66,0.19
195609,0.56,-2.86
195610,0.32,-2.38
195611,1.46,-0.98
195612,1.15,-0.89
195701,2.25,0.47
195702,1.72,0.26
195703,1.87,-0.69
195704,4.72,1.34
195705,4.45,0.72
195706,4.68,0.71
195707,7.60,4.11
195708,4.82,1.35
195709,1.28,-2.14
195710,2.95,0.25
195711,2.69,0.25
195712,2.10,0.06
195801,1.30,-0.48
195802,0.41,-1.05
195803,0.41,-2.15
195804,2.41,-0.97
195805,2.57,-1.16
195806,5.89,1.92
195807,4.40,0.91
195808,3.17,-0.30
195809,1.96,-1.46
195810,2.03,-0.67
195811,1.64,-0.80
195812,0.66,-1.38
195901,1.86,0.08
195902,2.10,0.64
195903,3.45,0.89
195904,3.55,0.17
195905,4.41,0.68
195906,2.63,-1.34
195907,5.20,1.71
195908,2.12,-1.35
195909,2.72,-0.70
195910,3.96,1.26
195911,2.53,0.09
195912,2.11,0.07
196001,3.21,1.43
196002,2.73,1.27
196003,1.20,-1.36
196004,3.41,0.03
196005,3.06,-0.67
196006,4.20,0.23
196007,3.85,0.36
196008,2.25,-1.22
196009,1.68,-1.74
196010,1.78,-0.92
196011,1.21,-1.23
196012,0.80,-1.24
196101,0.27,-1.51
196102,0.90,-0.56
196103,3.39,0.83
196104,3.16,-0.22
196105,1.87,-1.86
196106,3.35,-0.62
196107,3.87,0.38
196108,2.21,-1.26
196109,12.23,8.81
196110,3.44,0.74
196111,2.04,-0.40
196112,1.53,-0.51
196201,2.58,0.80
196202,1.36,-0.10
196203,1.70,-0.86
196204,1.76,-1.62
196205,3.46,-0.27
196206,2.75,-1.22
196207,4.82,1.33
196208,1.45,-2.02
196209,1.13,-2.29
196210,1.44,-1.26
196211,1.05,-1.39
196212,0.31,-1.73
196301,0.93,-0.85
196302,0.60,-0.86
196303,2.57,0.01
196304,4.22,0.84
196305,2.25,-1.48
196306,2.13,-1.84
196307,5.56,2.07
196308,2.30,-1.17
196309,2.49,-0.93
196310,0.69,-2.01
196311,1.69,-0.75
196312,0.79,-1.25
196401,0.87,-0.91
196402,0.54,-0.92
196403,3.25,0.69
196404,5.46,2.08
196405,2.11,-1.62
196406,3.16,-0.81
196407,4.82,1.33
196408,2.23,-1.24
196409,3.43,0.01
196410,0.20,-2.50
196411,2.28,-0.16
196412,1.68,-0.36
196501,4.00,2.22
196502,1.45,-0.01
196503,2.98,0.42
196504,4.15,0.77
196505,2.15,-1.58
196506,2.61,-1.36
196507,3.63,0.14
196508,6.69,3.22
196509,6.02,2.60
196510,1.58,-1.12
196511,1.39,-1.05
196512,3.66,1.62
196601,1.16,-0.62
196602,1.46,0.00
196603,2.35,-0.21
196604,5.33,1.95
196605,5.17,1.44
196606,2.58,-1.39
196607,4.11,0.62
196608,1.44,-2.03
196609,1.07,-2.35
196610,2.24,-0.46
196611,4.47,2.03
196612,2.54,0.50
196701,2.45,0.67
196702,1.52,0.06
196703,2.05,-0.51
196704,5.11,1.73
196705,1.62,-2.11
196706,6.76,2.79
196707,2.35,-1.14
196708,2.46,-1.01
196709,3.26,-0.16
196710,4.40,1.70
196711,2.17,-0.27
196712,2.79,0.75
196801,1.47,-0.31
196802,1.06,-0.40
196803,0.97,-1.59
196804,2.60,-0.78
196805,2.79,-0.94
196806,4.21,0.24
196807,2.27,-1.22
196808,5.58,2.11
196809,3.56,0.14
196810,0.89,-1.81
196811,3.95,1.51
196812,2.96,0.92
196901,1.88,0.10
196902,0.16,-1.30
196903,1.78,-0.78
196904,4.27,0.89
196905,3.69,-0.04
196906,6.74,2.77
196907,5.87,2.38
196908,0.72,-2.75
196909,2.08,-1.34
196910,4.80,2.10
196911,1.43,-1.01
196912,1.45,-0.59
197001,0.83,-0.95
197002,0.71,-0.75
197003,2.08,-0.48
197004,5.45,2.07
197005,5.54,1.81
197006,6.65,2.68
197007,3.30,-0.19
197008,2.26,-1.21
197009,7.86,4.44
197010,3.44,0.74
197011,2.82,0.38
197012,1.41,-0.63
197101,1.10,-0.68
197102,1.89,0.43
197103,1.91,-0.65
197104,0.82,-2.56
197105,2.22,-1.51
197106,3.13,-0.84
197107,4.21,0.72
197108,2.65,-0.82
197109,2.88,-0.54
197110,0.85,-1.85
197111,1.42,-1.02
197112,5.47,3.43
197201,1.04,-0.74
197202,0.79,-0.67
197203,3.47,0.91
197204,4.09,0.71
197205,2.86,-0.87
197206,4.84,0.87
197207,4.32,0.83
197208,7.12,3.65
197209,6.16,2.74
197210,3.26,0.56
197211,3.21,0.77
197212,3.27,1.23
197301,1.32,-0.46
197302,1.10,-0.36
197303,3.97,1.41
197304,5.38,2.00
197305,4.81,1.08
197306,3.36,-0.61
197307,3.61,0.12
197308,1.54,-1.93
197309,4.73,1.31
197310,3.60,0.90
197311,1.75,-0.69
197312,3.69,1.65
197401,3.03,1.25
197402,2.08,0.62
197403,2.73,0.17
197404,4.21,0.83
197405,6.02,2.29
197406,5.65,1.68
197407,3.12,-0.37
197408,1.91,-1.56
197409,2.03,-1.39
197410,1.80,-0.90
197411,2.67,0.23
197412,2.06,0.02
197501,3.24,1.46
197502,2.18,0.72
197503,2.05,-0.51
197504,6.04,2.66
197505,4.76,1.03
197506,5.20,1.23
197507,2.13,-1.36
197508,5.50,2.03
197509,1.19,-2.23
197510,2.00,-0.70
197511,3.07,0.63
197512,2.52,0.48
197601,1.09,-0.69
197602,1.83,0.37
197603,5.26,2.70
197604,4.21,0.83
197605,4.48,0.75
197606,3.70,-0.27
197607,3.45,-0.04
197608,1.46,-2.01
197609,1.95,-1.47
197610,2.03,-0.67
197611,0.58,-1.86
197612,0.63,-1.41
197701,0.53,-1.25
197702,0.56,-0.90
197703,3.68,1.12
197704,2.66,-0.72
197705,1.96,-1.77
197706,4.76,0.79
197707,2.47,-1.02
197708,6.33,2.86
197709,6.78,3.36
197710,2.10,-0.60
197711,2.19,-0.25
197712,2.00,-0.04
197801,1.62,-0.16
197802,0.58,-0.88
197803,1.27,-1.29
197804,4.25,0.87
197805,3.56,-0.17
197806,5.10,1.13
197807,5.49,2.00
197808,2.36,-1.11
197809,4.49,1.07
197810,1.48,-1.22
197811,2.23,-0.21
197812,3.51,1.47
197901,3.16,1.38
197902,1.03,-0.43
197903,3.98,1.42
197904,5.04,1.66
197905,2.10,-1.63
197906,4.41,0.44
197907,2.89,-0.60
197908,7.73,4.26
197909,0.03,-3.39
197910,1.86,-0.84
197911,3.25,0.81
197912,2.37,0.33
198001,0.83,-0.95
198002,1.05,-0.41
198003,1.73,-0.83
198004,3.12,-0.26
198005,3.24,-0.49
198006,3.77,-0.20
198007,3.36,-0.13
198008,6.67,3.20
198009,5.88,2.46
198010,2.31,-0.39
198011,1.06,-1.38
198012,2.73,0.69
198101,0.13,-1.65
198102,1.87,0.41
198103,0.56,-2.00
198104,5.71,2.33
198105,4.68,0.95
198106,5.84,1.87
198107,4.66,1.17
198108,5.11,1.64
198109,3.25,-0.17
198110,1.31,-1.39
198111,2.21,-0.23
198112,1.14,-0.90
198201,2.50,0.72
198202,0.76,-0.70
198203,4.21,1.65
198204,2.92,-0.46
198205,3.50,-0.23
198206,2.78,-1.19
198207,7.01,3.52
198208,2.81,-0.66
198209,1.66,-1.76
198210,1.73,-0.97
198211,5.69,3.25
198212,6.46,4.42
198301,0.63,-1.15
198302,1.54,0.08
198303,3.27,0.71
198304,6.51,3.13
198305,5.43,1.70
198306,3.64,-0.33
198307,4.26,0.77
198308,2.59,-0.88
198309,4.89,1.47
198310,3.59,0.89
198311,4.81,2.37
198312,3.04,1.00
198401,0.96,-0.82
198402,1.56,0.10
198403,3.10,0.54
198404,4.19,0.81
198405,4.66,0.93
198406,3.01,-0.96
198407,2.15,-1.34
198408,2.02,-1.45
198409,3.82,0.40
198410,3.12,0.42
198411,3.20,0.76
198412,2.86,0.82
198501,1.82,0.04
198502,2.62,1.16
198503,4.21,1.65
198504,1.92,-1.46
198505,2.73,-1.00
198506,2.45,-1.52
198507,3.82,0.33
198508,3.64,0.17
198509,2.42,-1.00
198510,4.62,1.92
198511,7.40,4.96
198512,1.66,-0.38
198601,0.41,-1.37
198602,2.48,1.02
198603,1.23,-1.33
198604,1.90,-1.48
198605,4.08,0.35
198606,4.67,0.70
198607,4.34,0.85
198608,1.81,-1.66
198609,7.40,3.98
198610,3.25,0.55
198611,1.95,-0.49
198612,1.14,-0.90
198701,1.63,-0.15
198702,0.33,-1.13
198703,1.36,-1.20
198704,2.83,-0.55
198705,4.14,0.41
198706,3.71,-0.26
198707,3.83,0.34
198708,10.69,7.22
198709,1.70,-1.72
198710,1.54,-1.16
198711,2.64,0.20
198712,4.29,2.25
198801,1.80,0.02
198802,1.34,-0.12
198803,2.22,-0.34
198804,2.41,-0.97
198805,1.66,-2.07
198806,1.23,-2.74
198807,2.85,-0.64
198808,3.43,-0.04
198809,2.37,-1.05
198810,3.55,0.85
198811,5.38,2.94
198812,2.30,0.26
198901,0.85,-0.93
198902,1.10,-0.36
198903,1.72,-0.84
198904,1.58,-1.80
198905,2.76,-0.97
198906,3.81,-0.16
198907,4.89,1.40
198908,4.38,0.91
198909,4.17,0.75
198910,1.61,-1.09
198911,2.35,-0.09
198912,0.56,-1.48
199001,2.12,0.34
199002,2.68,1.22
199003,2.99,0.43
199004,1.94,-1.44
199005,7.12,3.39
199006,4.83,0.86
199007,4.23,0.74
199008,5.59,2.12
199009,1.53,-1.89
199010,4.54,1.84
199011,6.17,3.73
199012,2.27,0.23
199101,1.34,-0.44
199102,0.69,-0.77
199103,3.56,1.00
199104,4.74,1.36
199105,5.34,1.61
199106,0.99,-2.98
199107,1.30,-2.19
199108,2.60,-0.87
199109,2.97,-0.45
199110,8.02,5.32
199111,3.47,1.03
199112,1.54,-0.50
199201,1.09,-0.69
199202,1.38,-0.08
199203,2.46,-0.10
199204,2.14,-1.24
199205,0.48,-3.25
199206,1.52,-2.45
199207,4.54,1.05
199208,2.63,-0.84
199209,5.45,2.03
199210,0.98,-1.72
199211,5.20,2.76
199212,2.80,0.76
199301,3.40,1.62
199302,1.04,-0.42
199303,3.34,0.78
199304,4.94,1.56
199305,2.20,-1.53
199306,10.56,6.59
199307,3.58,0.09
199308,5.46,1.99
199309,5.33,1.91
199310,2.37,-0.33
199311,1.86,-0.58
199312,1.08,-0.96
199401,1.83,0.05
199402,2.62,1.16
199403,0.79,-1.77
199404,2.65,-0.73
199405,1.08,-2.65
199406,5.08,1.11
199407,2.74,-0.75
199408,4.62,1.15
199409,1.45,-1.97
199410,2.08,-0.62
199411,5.35,2.91
199412,2.01,-0.03
199501,3.41,1.63
199502,0.72,-0.74
199503,1.83,-0.73
199504,5.31,1.93
199505,4.60,0.87
199506,2.06,-1.91
199507,3.31,-0.18
199508,3.55,0.08
199509,1.16,-2.26
199510,4.06,1.36
199511,4.32,1.88
199512,0.60,-1.44
199601,1.52,-0.26
199602,0.75,-0.71
199603,1.07,-1.49
199604,2.98,-0.40
199605,7.36,3.63
199606,5.10,1.13
199607,7.70,4.21
199608,1.44,-2.03
199609,2.81,-0.61
199610,2.50,-0.20
199611,1.96,-0.48
199612,1.87,-0.17
199701,1.89,0.11
199702,5.49,4.03
199703,1.63,-0.93
199704,1.72,-1.66
199705,3.47,-0.26
199706,3.66,-0.31
199707,3.29,-0.20
199708,4.96,1.49
199709,1.90,-1.52
199710,2.41,-0.29
199711,1.74,-0.70
199712,1.70,-0.34
199801,3.10,1.32
199802,1.83,0.37
199803,3.81,1.25
199804,3.99,0.61
199805,3.98,0.25
199806,4.92,0.95
199807,2.25,-1.24
199808,4.99,1.52
199809,3.24,-0.18
199810,4.47,1.77
199811,1.70,-0.74
199812,1.57,-0.47
199901,3.97,2.19
199902,1.34,-0.12
199903,1.36,-1.20
199904,7.35,3.97
199905,3.61,-0.12
199906,5.68,1.71
199907,2.65,-0.84
199908,2.85,-0.62
199909,2.97,-0.45
199910,1.11,-1.59
199911,0.58,-1.86
199912,2.94,0.90
200001,1.42,-0.36
200002,1.40,-0.06
200003,1.19,-1.37
200004,4.49,1.11
200005,4.90,1.17
200006,5.97,2.00
200007,3.96,0.47
200008,2.64,-0.83
200009,4.74,1.32
200010,1.84,-0.86
200011,3.07,0.63
200012,2.15,0.11
200101,1.32,-0.46
200102,2.87,1.41
200103,1.22,-1.34
200104,3.00,-0.38
200105,4.04,0.31
200106,2.90,-1.07
200107,3.10,-0.39
200108,5.81,2.34
200109,4.73,1.31
200110,6.87,4.17
200111,1.79,-0.65
200112,1.16,-0.88
200201,1.61,-0.17
200202,1.15,-0.31
200203,2.54,-0.02
200204,4.15,0.77
200205,5.22,1.49
200206,3.88,-0.09
200207,1.86,-1.63
200208,4.91,1.44
200209,2.35,-1.07
200210,1.87,-0.83
200211,1.32,-1.12
200212,1.33,-0.71
200301,0.50,-1.28
200302,0.32,-1.14
200303,1.75,-0.81
200304,3.01,-0.37
200305,6.36,2.63
200306,1.61,-2.36
200307,6.72,3.23
200308,2.51,-0.96
200309,2.32,-1.10
200310,1.99,-0.71
200311,5.67,3.23
200312,1.98,-0.06
200401,0.95,-0.83
200402,0.72,-0.74
200403,3.94,1.38
200404,1.58,-1.80
200405,6.79,3.06
200406,3.72,-0.25
200407,3.17,-0.32
200408,5.10,1.63
200409,0.72,-2.70
200410,2.56,-0.14
200411,4.17,1.73
200412,1.79,-0.25
200501,4.49,2.71
200502,1.97,0.51
200503,1.32,-1.24
200504,1.69,-1.69
200505,1.89,-1.84
200506,1.38,-2.59
200507,2.63,-0.86
200508,2.42,-1.05
200509,2.66,-0.76
200510,1.00,-1.70
200511,2.34,-0.10
200512,1.42,-0.62
200601,2.85,1.07
200602,1.28,-0.18
200603,3.09,0.53
200604,3.72,0.34
200605,3.71,-0.02
200606,3.58,-0.39
200607,3.92,0.43
200608,5.19,1.72
200609,4.79,1.37
200610,4.96,2.26
200611,2.99,0.55
200612,3.18,1.14
200701,2.27,0.49
200702,1.76,0.30
200703,3.27,0.71
200704,4.06,0.68
200705,1.84,-1.89
200706,3.01,-0.96
200707,4.00,0.51
200708,9.83,6.36
200709,1.56,-1.86
200710,2.23,-0.47
200711,1.33,-1.11
200712,3.30,1.26
200801,2.80,1.02
200802,3.59,2.13
200803,1.81,-0.75
200804,3.22,-0.16
200805,3.96,0.23
200806,4.56,0.59
200807,4.27,0.78
200808,2.26,-1.21
200809,11.84,8.42
200810,2.41,-0.29
200811,1.16,-1.28
200812,5.51,3.47
200901,1.06,-0.72
200902,3.02,1.56
200903,5.35,2.79
200904,5.25,1.87
200905,4.10,0.37
200906,5.79,1.82
200907,2.08,-1.41
200908,4.67,1.20
200909,1.02,-2.40
200910,7.07,4.37
200911,1.49,-0.95
200912,3.06,1.02
201001,1.01,-0.77
201002,1.42,-0.04
201003,1.59,-0.97
201004,3.06,-0.32
201005,5.86,2.13
201006,6.77,2.80
201007,7.31,3.82
201008,2.95,-0.52
201009,2.88,-0.54
201010,1.46,-1.24
201011,2.28,-0.16
201012,2.12,0.08
201101,0.97,-0.81
201102,2.74,1.28
201103,2.38,-0.18
201104,5.48,2.10
201105,5.84,2.11
201106,5.24,1.27
201107,6.61,3.12
201108,4.08,0.61
201109,3.85,0.43
201110,2.12,-0.58
201111,3.36,0.92
201112,2.46,0.42
201201,1.64,-0.14
201202,1.42,-0.04
201203,2.05,-0.51
201204,2.14,-1.24
201205,3.22,-0.51
201206,2.16,-1.81
201207,3.20,-0.29
201208,4.15,0.68
201209,1.80,-1.62
201210,3.18,0.48
201211,0.90,-1.54
201212,2.22,0.18
201301,3.10,1.32
201302,2.40,0.94
201303,1.85,-0.71
201304,7.35,3.97
201305,4.66,0.93
201306,5.07,1.10
201307,2.15,-1.34
201308,2.14,-1.33
201309,2.06,-1.36
201310,3.85,1.15
201311,2.72,0.28
201312,1.47,-0.57
201401,2.28,0.50
201402,2.14,0.68
201403,1.36,-1.20
201404,3.27,-0.11
201405,4.82,1.09
201406,7.22,3.25
201407,4.13,0.64
201408,7.39,3.92
201409,3.00,-0.42
201410,3.74,1.04
201411,1.56,-0.88
201412,0.85,-1.19
201501,1.32,-0.46
201502,1.27,-0.19
201503,0.77,-1.79
201504,3.11,-0.27
201505,4.69,0.96
201506,7.49,3.52
201507,3.34,-0.15
201508,3.36,-0.11
201509,4.79,1.37
201510,1.51,-1.19
201511,4.24,1.80
201512,5.34,3.30
201601,0.81,-0.97
201602,1.20,-0.26
201603,3.20,0.64
201604,2.58,-0.80
201605,5.09,1.36
201606,2.89,-1.08
201607,6.09,2.60
201608,5.70,2.23
201609,2.17,-1.25
201610,3.80,1.10
201611,2.16,-0.28
201612,1.52,-0.52
201701,2.78,1.00
201702,1.43,-0.03
201703,4.75,2.19
201704,5.55,2.17
201705,4.39,0.66
201706,4.05,0.08
201707,6.74,3.25
201708,2.11,-1.36
201709,0.61,-2.81
201710,8.64,5.94
201711,2.19,-0.25
201712,0.49,-1.55
201801,1.13,-0.65
201802,4.48,3.02
201803,1.48,-1.08
201804,2.03,-1.35
201805,5.68,1.95
201806,8.25,4.28
201807,2.44,-1.05
201808,4.69,1.22
201809,3.58,0.16
201810,4.86,2.16
201811,2.61,0.17
201812,2.62,0.58
201901,2.13,0.35
201902,2.29,0.83
201903,2.31,-0.25
201904,4.94,1.56
201905,8.07,4.34
201906,4.56,0.59
201907,4.62,1.13
201908,3.20,-0.27
201909,8.27,4.85
201910,5.54,2.84
201911,1.50,-0.94
201912,1.74,-0.30
202001,2.94,1.16
202002,0.78,-0.68
202003,3.12,0.56
202004,4.87,1.49
202005,7.99,4.26
202006,3.70,-0.27
202007,3.17,-0.32
202008,1.24,-2.23
202009,4.04,0.62
202010,3.10,0.40
202011,1.84,-0.60
202012,2.15,0.11
202101,1.64,-0.14
202102,1.12,-0.34
202103,1.18,-1.38
202104,1.30,-2.08
202105,2.71,-1.02
202106,6.80,2.83
202107,1.91,-1.58
202108,3.19,-0.28
202109,1.23,-2.19
202110,6.69,3.99
