Wayne County, Michigan, Maximum Temperature
Units: Degrees Fahrenheit
Base Period: 1901-2000
Missing: -99
Date,Value,Anomaly
189501,26.3,-4.4
189502,24.4,-8.1
189503,37.5,-5.8
189504,58.3,1.6
189505,71.2,2.3
189506,83.9,5.4
189507,83.9,0.6
189508,83.6,2.7
189509,77.4,3.7
189510,55.3,-6.1
189511,46.1,-0.6
189512,36.2,1.7
189601,30.7,0.0
189602,32.0,-0.5
189603,36.5,-6.8
189604,63.5,6.8
189605,77.1,8.2
189606,79.6,1.1
189607,82.1,-1.2
189608,79.0,-1.9
189609,67.1,-6.6
189610,54.2,-7.2
189611,47.0,0.3
189612,33.9,-0.6
189701,27.6,-3.1
189702,31.1,-1.4
189703,41.5,-1.8
189704,53.6,-3.1
189705,64.4,-4.5
189706,75.1,-3.4
189707,84.7,1.4
189708,77.4,-3.5
189709,77.5,3.8
189710,65.1,3.7
189711,44.4,-2.3
189712,32.3,-2.2
189801,32.0,1.3
189802,31.1,-1.4
189803,47.3,4.0
189804,53.7,-3.0
189805,68.6,-0.3
189806,82.0,3.5
189807,86.8,3.5
189808,82.5,1.6
189809,76.1,2.4
189810,58.7,-2.7
189811,41.3,-5.4
189812,30.0,-4.5
189901,29.0,-1.7
189902,24.9,-7.6
189903,34.6,-8.7
189904,59.4,2.7
189905,69.9,1.0
189906,80.8,2.3
189907,82.5,-0.8
189908,84.9,4.0
189909,70.2,-3.5
189910,64.3,2.9
189911,46.9,0.2
189912,33.8,-0.7
190001,33.2,2.5
190002,27.3,-5.2
190003,33.0,-10.3
190004,57.3,0.6
190005,70.2,1.3
190006,77.0,-1.5
190007,82.3,-1.0
190008,85.2,4.3
190009,77.4,3.7
190010,68.5,7.1
190011,45.3,-1.4
190012,35.4,0.9
190101,31.4,0.7
190102,22.8,-9.7
190103,40.1,-3.2
190104,55.4,-1.3
190105,66.8,-2.1
190106,78.8,0.3
190107,86.8,3.5
190108,81.0,0.1
190109,72.9,-0.8
190110,62.2,0.8
190111,42.1,-4.6
190112,30.9,-3.6
190201,30.2,-0.5
190202,28.2,-4.3
190203,47.7,4.4
190204,55.5,-1.2
190205,68.5,-0.4
190206,73.5,-5.0
190207,81.7,-1.6
190208,77.1,-3.8
190209,70.4,-3.3
190210,60.2,-1.2
190211,52.9,6.2
190212,32.4,-2.1
190301,30.3,-0.4
190302,31.8,-0.7
190303,49.6,6.3
190304,55.4,-1.3
190305,71.8,2.9
190306,71.3,-7.2
190307,81.4,-1.9
190308,75.4,-5.5
190309,72.5,-1.2
190310,60.7,-0.7
190311,44.4,-2.3
190312,28.8,-5.7
190401,22.7,-8.0
190402,22.0,-10.5
190403,39.3,-4.0
190404,49.5,-7.2
190405,67.7,-1.2
190406,76.8,-1.7
190407,80.4,-2.9
190408,78.0,-2.9
190409,71.9,-1.8
190410,57.9,-3.5
190411,47.7,1.0
190412,30.9,-3.6
190501,26.4,-4.3
190502,24.4,-8.1
190503,45.3,2.0
190504,53.9,-2.8
190505,67.3,-1.6
190506,76.2,-2.3
190507,80.6,-2.7
190508,80.1,-0.8
190509,73.9,0.2
190510,60.2,-1.2
190511,44.9,-1.8
190512,36.1,1.6
190601,38.2,7.5
190602,32.8,0.3
190603,34.7,-8.6
190604,60.0,3.3
190605,68.1,-0.8
190606,77.2,-1.3
190607,81.7,-1.6
190608,83.6,2.7
190609,78.3,4.6
190610,58.1,-3.3
190611,45.3,-1.4
190612,34.0,-0.5
190701,32.2,1.5
190702,28.5,-4.0
190703,46.2,2.9
190704,47.4,-9.3
190705,59.6,-9.3
190706,73.8,-4.7
190707,80.4,-2.9
190708,78.5,-2.4
190709,70.7,-3.0
190710,54.7,-6.7
190711,43.6,-3.1
190712,35.5,1.0
190801,31.0,0.3
190802,28.5,-4.0
190803,43.3,0.0
190804,55.9,-0.8
190805,68.0,-0.9
190806,78.0,-0.5
190807,82.9,-0.4
190808,79.4,-1.5
190809,79.2,5.5
190810,63.0,1.6
190811,47.9,1.2
190812,35.7,1.2
190901,34.8,4.1
190902,34.9,2.4
190903,39.2,-4.1
190904,54.1,-2.6
190905,66.1,-2.8
190906,76.4,-2.1
190907,81.5,-1.8
190908,82.1,1.2
190909,70.9,-2.8
190910,56.0,-5.4
190911,52.8,6.1
190912,29.7,-4.8
191001,30.0,-0.7
191002,29.4,-3.1
191003,54.0,10.7
191004,58.8,2.1
191005,63.6,-5.3
191006,76.3,-2.2
191007,84.7,1.4
191008,81.0,0.1
191009,72.6,-1.1
191010,63.4,2.0
191011,40.2,-6.5
191012,28.8,-5.7
191101,33.4,2.7
191102,35.1,2.6
191103,42.1,-1.2
191104,53.5,-3.2
191105,76.9,8.0
191106,80.0,1.5
191107,85.0,1.7
191108,80.4,-0.5
191109,74.0,0.3
191110,57.2,-4.2
191111,42.4,-4.3
191112,38.2,3.7
191201,19.6,-11.1
191202,25.5,-7.0
191203,32.6,-10.7
191204,57.0,0.3
191205,69.8,0.9
191206,76.2,-2.3
191207,81.3,-2.0
191208,75.8,-5.1
191209,74.8,1.1
191210,62.0,0.6
191211,46.8,0.1
191212,38.2,3.7
191301,35.5,4.8
191302,29.1,-3.4
191303,43.6,0.3
191304,56.9,0.2
191305,67.9,-1.0
191306,80.6,2.1
191307,83.5,0.2
191308,82.3,1.4
191309,72.8,-0.9
191310,60.0,-1.4
191311,48.9,2.2
191312,39.3,4.8
191401,34.4,3.7
191402,24.0,-8.5
191403,39.9,-3.4
191404,54.9,-1.8
191405,70.8,1.9
191406,78.3,-0.2
191407,83.0,-0.3
191408,80.2,-0.7
191409,71.9,-1.8
191410,64.1,2.7
191411,47.4,0.7
191412,29.6,-4.9
191501,28.4,-2.3
191502,35.7,3.2
191503,38.8,-4.5
191504,62.5,5.8
191505,62.9,-6.0
191506,73.4,-5.1
191507,78.5,-4.8
191508,74.6,-6.3
191509,73.7,0.0
191510,61.4,0.0
191511,49.1,2.4
191512,32.2,-2.3
191601,37.6,6.9
191602,28.3,-4.2
191603,36.0,-7.3
191604,56.0,-0.7
191605,67.1,-1.8
191606,72.1,-6.4
191607,88.3,5.0
191608,85.0,4.1
191609,73.0,-0.7
191610,61.0,-0.4
191611,47.6,0.9
191612,32.0,-2.5
191701,28.9,-1.8
191702,26.0,-6.5
191703,43.2,-0.1
191704,51.9,-4.8
191705,59.8,-9.1
191706,73.7,-4.8
191707,80.6,-2.7
191708,79.2,-1.7
191709,70.8,-2.9
191710,51.4,-10.0
191711,44.2,-2.5
191712,26.0,-8.5
191801,18.3,-12.4
191802,33.2,0.7
191803,48.4,5.1
191804,54.2,-2.5
191805,74.7,5.8
191806,78.9,0.4
191807,82.6,-0.7
191808,86.2,5.3
191809,65.9,-7.8
191810,62.8,1.4
191811,46.5,-0.2
191812,39.0,4.5
191901,35.9,5.2
191902,33.6,1.1
191903,44.1,0.8
191904,55.3,-1.4
191905,65.1,-3.8
191906,83.5,5.0
191907,86.1,2.8
191908,79.6,-1.3
191909,76.2,2.5
191910,64.1,2.7
191911,45.4,-1.3
191912,27.3,-7.2
192001,22.3,-8.4
192002,28.3,-4.2
192003,46.4,3.1
192004,49.0,-7.7
192005,66.6,-2.3
192006,78.5,0.0
192007,80.0,-3.3
192008,77.8,-3.1
192009,75.1,1.4
192010,68.3,6.9
192011,44.3,-2.4
192012,36.7,2.2
192101,35.3,4.6
192102,35.1,2.6
192103,52.9,9.6
192104,63.3,6.6
192105,71.5,2.6
192106,82.3,3.8
192107,88.6,5.3
192108,79.7,-1.2
192109,78.1,4.4
192110,60.7,-0.7
192111,43.3,-3.4
192112,35.1,0.6
192201,29.5,-1.2
192202,34.4,1.9
192203,44.9,1.6
192204,57.7,1.0
192205,72.4,3.5
192206,79.8,1.3
192207,82.7,-0.6
192208,81.6,0.7
192209,76.6,2.9
192210,63.5,2.1
192211,47.7,1.0
192212,34.0,-0.5
192301,32.0,1.3
192302,27.3,-5.2
192303,40.5,-2.8
192304,56.6,-0.1
192305,66.8,-2.1
192306,82.4,3.9
192307,82.1,-1.2
192308,79.3,-1.6
192309,72.3,-1.4
192310,59.7,-1.7
192311,46.0,-0.7
192312,42.6,8.1
192401,28.6,-2.1
192402,29.8,-2.7
192403,38.6,-4.7
192404,56.4,-0.3
192405,61.9,-7.0
192406,75.6,-2.9
192407,80.6,-2.7
192408,80.9,0.0
192409,67.7,-6.0
192410,66.6,5.2
192411,48.2,1.5
192412,29.3,-5.2
192501,28.3,-2.4
192502,36.8,4.3
192503,45.7,2.4
192504,63.6,6.9
192505,66.2,-2.7
192506,82.4,3.9
192507,81.8,-1.5
192508,82.0,1.1
192509,74.5,0.8
192510,49.7,-11.7
192511,42.8,-3.9
192512,31.4,-3.1
192601,30.5,-0.2
192602,30.9,-1.6
192603,36.1,-7.2
192604,50.5,-6.2
192605,70.3,1.4
192606,74.6,-3.9
192607,83.1,-0.2
192608,80.7,-0.2
192609,70.2,-3.5
192610,57.6,-3.8
192611,44.3,-2.4
192612,31.0,-3.5
192701,29.5,-1.2
192702,38.0,5.5
192703,47.1,3.8
192704,56.5,-0.2
192705,65.8,-3.1
192706,74.0,-4.5
192707,81.6,-1.7
192708,76.9,-4.0
192709,76.8,3.1
192710,65.3,3.9
192711,49.9,3.2
192712,34.4,-0.1
192801,31.7,1.0
192802,33.3,0.8
192803,41.5,-1.8
192804,53.9,-2.8
192805,69.4,0.5
192806,72.4,-6.1
192807,83.2,-0.1
192808,83.6,2.7
192809,70.7,-3.0
192810,63.5,2.1
192811,46.9,0.2
192812,37.7,3.2
192901,27.1,-3.6
192902,27.5,-5.0
192903,51.4,8.1
192904,58.7,2.0
192905,67.0,-1.9
192906,77.2,-1.3
192907,84.3,1.0
192908,81.2,0.3
192909,74.8,1.1
192910,58.7,-2.7
192911,42.1,-4.6
192912,31.1,-3.4
193001,27.9,-2.8
193002,39.7,7.2
193003,42.2,-1.1
193004,58.2,1.5
193005,70.8,1.9
193006,80.5,2.0
193007,86.6,3.3
193008,83.8,2.9
193009,76.6,2.9
193010,58.2,-3.2
193011,48.6,1.9
193012,33.5,-1.0
193101,33.4,2.7
193102,38.3,5.8
193103,38.8,-4.5
193104,59.4,2.7
193105,68.4,-0.5
193106,79.3,0.8
193107,88.1,4.8
193108,83.4,2.5
193109,78.8,5.1
193110,64.8,3.4
193111,54.4,7.7
193112,42.0,7.5
193201,40.7,10.0
193202,39.4,6.9
193203,36.2,-7.1
193204,54.7,-2.0
193205,70.4,1.5
193206,80.3,1.8
193207,83.3,0.0
193208,83.1,2.2
193209,72.8,-0.9
193210,60.5,-0.9
193211,42.0,-4.7
193212,35.6,1.1
193301,40.0,9.3
193302,35.2,2.7
193303,40.6,-2.7
193304,56.4,-0.3
193305,69.0,0.1
193306,86.0,7.5
193307,87.1,3.8
193308,82.2,1.3
193309,77.5,3.8
193310,59.4,-2.0
193311,42.1,-4.6
193312,34.8,0.3
193401,35.6,4.9
193402,25.1,-7.4
193403,38.6,-4.7
193404,53.8,-2.9
193405,75.1,6.2
193406,87.1,8.6
193407,88.8,5.5
193408,81.8,0.9
193409,75.8,2.1
193410,61.1,-0.3
193411,49.1,2.4
193412,31.3,-3.2
193501,30.4,-0.3
193502,31.9,-0.6
193503,48.2,4.9
193504,53.5,-3.2
193505,63.2,-5.7
193506,74.6,-3.9
193507,86.5,3.2
193508,81.2,0.3
193509,73.6,-0.1
193510,61.3,-0.1
193511,44.3,-2.4
193512,29.0,-5.5
193601,26.1,-4.6
193602,23.8,-8.7
193603,45.7,2.4
193604,50.7,-6.0
193605,74.5,5.6
193606,78.0,-0.5
193607,87.9,4.6
193608,85.6,4.7
193609,76.2,2.5
193610,59.8,-1.6
193611,42.7,-4.0
193612,38.6,4.1
193701,36.0,5.3
193702,34.8,2.3
193703,38.4,-4.9
193704,54.4,-2.3
193705,69.0,0.1
193706,76.6,-1.9
193707,83.3,0.0
193708,83.9,3.0
193709,72.7,-1.0
193710,56.7,-4.7
193711,44.5,-2.2
193712,31.1,-3.4
193801,30.3,-0.4
193802,38.4,5.9
193803,51.1,7.8
193804,57.7,1.0
193805,68.9,0.0
193806,78.1,-0.4
193807,83.6,0.3
193808,84.7,3.8
193809,71.7,-2.0
193810,66.5,5.1
193811,50.8,4.1
193812,34.9,0.4
193901,33.7,3.0
193902,34.2,1.7
193903,41.5,-1.8
193904,53.0,-3.7
193905,73.2,4.3
193906,80.3,1.8
193907,84.1,0.8
193908,82.8,1.9
193909,78.6,4.9
193910,62.7,1.3
193911,45.7,-1.0
193912,38.2,3.7
194001,22.9,-7.8
194002,32.2,-0.3
194003,34.2,-9.1
194004,51.8,-4.9
194005,66.3,-2.6
194006,78.5,0.0
194007,84.6,1.3
194008,79.8,-1.1
194009,73.1,-0.6
194010,61.8,0.4
194011,44.2,-2.5
194012,36.8,2.3
194101,30.5,-0.2
194102,31.1,-1.4
194103,38.1,-5.2
194104,63.4,6.7
194105,74.0,5.1
194106,80.1,1.6
194107,85.3,2.0
194108,81.9,1.0
194109,78.6,4.9
194110,63.2,1.8
194111,48.7,2.0
194112,40.0,5.5
194201,31.1,0.4
194202,28.2,-4.3
194203,44.2,0.9
194204,64.1,7.4
194205,70.2,1.3
194206,79.1,0.6
194207,83.7,0.4
194208,79.1,-1.8
194209,72.5,-1.2
194210,61.7,0.3
194211,47.9,1.2
194212,29.6,-4.9
194301,27.3,-3.4
194302,36.1,3.6
194303,42.3,-1.0
194304,53.0,-3.7
194305,65.4,-3.5
194306,82.6,4.1
194307,83.3,0.0
194308,81.1,0.2
194309,71.2,-2.5
194310,59.5,-1.9
194311,43.6,-3.1
194312,34.1,-0.4
194401,36.8,6.1
194402,34.7,2.2
194403,37.7,-5.6
194404,51.1,-5.6
194405,73.0,4.1
194406,82.2,3.7
194407,85.7,2.4
194408,85.1,4.2
194409,75.9,2.2
194410,62.8,1.4
194411,47.5,0.8
194412,29.8,-4.7
194501,23.7,-7.0
194502,33.0,0.5
194503,57.5,14.2
194504,60.0,3.3
194505,62.0,-6.9
194506,74.9,-3.6
194507,81.5,-1.8
194508,81.8,0.9
194509,74.2,0.5
194510,59.4,-2.0
194511,47.6,0.9
194512,29.5,-5.0
194601,34.0,3.3
194602,34.8,2.3
194603,55.8,12.5
194604,59.0,2.3
194605,67.2,-1.7
194606,77.4,-1.1
194607,84.8,1.5
194608,78.8,-2.1
194609,76.9,3.2
194610,68.9,7.5
194611,50.6,3.9
194612,39.1,4.6
194701,35.0,4.3
194702,28.0,-4.5
194703,37.2,-6.1
194704,53.9,-2.8
194705,63.6,-5.3
194706,76.1,-2.4
194707,80.4,-2.9
194708,86.8,5.9
194709,75.3,1.6
194710,70.1,8.7
194711,42.8,-3.9
194712,33.6,-0.9
194801,25.6,-5.1
194802,32.3,-0.2
194803,43.6,0.3
194804,61.8,5.1
194805,66.7,-2.2
194806,77.3,-1.2
194807,83.7,0.4
194808,82.6,1.7
194809,76.7,3.0
194810,58.2,-3.2
194811,50.9,4.2
194812,37.2,2.7
194901,37.4,6.7
194902,37.7,5.2
194903,44.6,1.3
194904,58.3,1.6
194905,72.7,3.8
194906,83.8,5.3
194907,86.1,2.8
194908,82.5,1.6
194909,69.0,-4.7
194910,67.0,5.6
194911,45.0,-1.7
194912,39.0,4.5
195001,40.3,9.6
195002,32.6,0.1
195003,37.6,-5.7
195004,49.6,-7.1
195005,70.2,1.3
195006,77.8,-0.7
195007,81.7,-1.6
195008,80.2,-0.7
195009,71.7,-2.0
195010,64.6,3.2
195011,42.7,-4.0
195012,29.8,-4.7
195101,32.4,1.7
195102,33.5,1.0
195103,43.1,-0.2
195104,54.5,-2.2
195105,71.3,2.4
195106,77.5,-1.0
195107,82.5,-0.8
195108,79.0,-1.9
195109,72.0,-1.7
195110,64.9,3.5
195111,39.6,-7.1
195112,34.5,0.0
195201,34.9,4.2
195202,35.0,2.5
195203,41.1,-2.2
195204,59.2,2.5
195205,67.7,-1.2
195206,83.3,4.8
195207,86.9,3.6
195208,81.9,1.0
195209,75.6,1.9
195210,58.6,-2.8
195211,49.9,3.2
195212,37.6,3.1
195301,34.7,4.0
195302,38.3,5.8
195303,44.6,1.3
195304,52.8,-3.9
195305,70.2,1.3
195306,81.5,3.0
195307,83.9,0.6
195308,83.9,3.0
195309,75.8,2.1
195310,68.1,6.7
195311,49.9,3.2
195312,38.6,4.1
195401,31.9,1.2
195402,39.8,7.3
195403,41.4,-1.9
195404,61.0,4.3
195405,65.9,-3.0
195406,80.9,2.4
195407,83.0,-0.3
195408,80.1,-0.8
195409,74.9,1.2
195410,61.6,0.2
195411,47.2,0.5
195412,33.7,-0.8
195501,30.3,-0.4
195502,33.7,1.2
195503,43.9,0.6
195504,65.3,8.6
195505,73.0,4.1
195506,78.2,-0.3
195507,88.8,5.5
195508,84.6,3.7
195509,76.8,3.1
195510,63.8,2.4
195511,43.8,-2.9
195512,32.0,-2.5
195601,30.4,-0.3
195602,34.4,1.9
195603,39.3,-4.0
195604,56.1,-0.6
195605,66.9,-2.0
195606,79.4,0.9
195607,80.8,-2.5
195608,79.5,-1.4
195609,70.5,-3.2
195610,67.8,6.4
195611,47.1,0.4
195612,39.2,4.7
195701,26.3,-4.4
195702,36.7,4.2
195703,44.6,1.3
195704,57.1,0.4
195705,66.7,-2.2
195706,78.4,-0.1
195707,82.9,-0.4
195708,79.8,-1.1
195709,72.2,-1.5
195710,58.8,-2.6
195711,46.8,0.1
195712,40.2,5.7
195801,31.2,0.5
195802,28.4,-4.1
195803,42.1,-1.2
195804,60.1,3.4
195805,71.4,2.5
195806,74.2,-4.3
195807,81.4,-1.9
195808,80.7,-0.2
195809,72.8,-0.9
195810,63.9,2.5
195811,49.8,3.1
195812,28.1,-6.4
195901,27.4,-3.3
195902,32.0,-0.5
195903,42.3,-1.0
195904,58.2,1.5
195905,72.6,3.7
195906,80.6,2.1
195907,84.3,1.0
195908,85.0,4.1
195909,76.7,3.0
195910,58.7,-2.7
195911,42.8,-3.9
195912,38.7,4.2
196001,32.7,2.0
196002,32.8,0.3
196003,33.6,-9.7
196004,60.1,3.4
196005,67.1,-1.8
196006,77.0,-1.5
196007,81.5,-1.8
196008,80.9,0.0
196009,76.9,3.2
196010,62.6,1.2
196011,49.2,2.5
196012,30.8,-3.7
196101,28.8,-1.9
196102,38.4,5.9
196103,46.6,3.3
196104,51.2,-5.5
196105,66.0,-2.9
196106,78.2,-0.3
196107,82.6,-0.7
196108,80.4,-0.5
196109,77.3,3.6
196110,64.1,2.7
196111,48.0,1.3
196112,33.8,-0.7
196201,27.9,-2.8
196202,29.7,-2.8
196203,41.0,-2.3
196204,59.0,2.3
196205,75.6,6.7
196206,79.5,1.0
196207,80.4,-2.9
196208,80.5,-0.4
196209,70.4,-3.3
196210,62.8,1.4
196211,46.2,-0.5
196212,31.4,-3.1
196301,21.8,-8.9
196302,26.1,-6.4
196303,44.6,1.3
196304,59.0,2.3
196305,67.5,-1.4
196306,81.1,2.6
196307,84.6,1.3
196308,79.0,-1.9
196309,73.1,-0.6
196310,73.1,11.7
196311,51.0,4.3
196312,28.2,-6.3
196401,35.1,4.4
196402,34.3,1.8
196403,43.7,0.4
196404,58.4,1.7
196405,73.7,4.8
196406,79.3,0.8
196407,85.3,2.0
196408,77.4,-3.5
196409,72.8,-0.9
196410,60.3,-1.1
196411,52.1,5.4
196412,34.8,0.3
196501,30.5,-0.2
196502,32.8,0.3
196503,34.6,-8.7
196504,54.0,-2.7
196505,74.6,5.7
196506,78.4,-0.1
196507,80.6,-2.7
196508,78.0,-2.9
196509,74.0,0.3
196510,58.6,-2.8
196511,49.3,2.6
196512,40.0,5.5
196601,27.2,-3.5
196602,33.7,1.2
196603,46.4,3.1
196604,53.5,-3.2
196605,64.3,-4.6
196606,81.2,2.7
196607,85.9,2.6
196608,79.5,-1.4
196609,72.0,-1.7
196610,60.5,-0.9
196611,47.4,0.7
196612,33.8,-0.7
196701,35.0,4.3
196702,29.6,-2.9
196703,42.6,-0.7
196704,58.1,1.4
196705,63.1,-5.8
196706,82.1,3.6
196707,79.8,-3.5
196708,78.1,-2.8
196709,72.0,-1.7
196710,59.8,-1.6
196711,41.4,-5.3
196712,37.4,2.9
196801,28.2,-2.5
196802,31.9,-0.6
196803,47.7,4.4
196804,61.0,4.3
196805,64.8,-4.1
196806,78.2,-0.3
196807,81.9,-1.4
196808,81.7,0.8
196809,75.1,1.4
196810,62.8,1.4
196811,47.8,1.1
196812,34.2,-0.3
196901,29.7,-1.0
196902,34.1,1.6
196903,43.4,0.1
196904,59.4,2.7
196905,69.0,0.1
196906,73.6,-4.9
196907,81.5,-1.8
196908,83.3,2.4
196909,74.1,0.4
196910,60.5,-0.9
196911,44.7,-2.0
196912,32.4,-2.1
197001,24.9,-5.8
197002,33.0,0.5
197003,39.4,-3.9
197004,58.4,1.7
197005,71.8,2.9
197006,79.3,0.8
197007,82.3,-1.0
197008,82.8,1.9
197009,75.0,1.3
197010,63.6,2.2
197011,45.9,-0.8
197012,36.0,1.5
197101,27.3,-3.4
197102,33.2,0.7
197103,39.1,-4.2
197104,56.6,-0.1
197105,69.7,0.8
197106,83.6,5.1
197107,82.3,-1.0
197108,82.6,1.7
197109,75.9,2.2
197110,68.3,6.9
197111,47.5,0.8
197112,41.0,6.5
197201,31.1,0.4
197202,31.2,-1.3
197203,40.1,-3.2
197204,54.6,-2.1
197205,72.2,3.3
197206,74.7,-3.8
197207,82.5,-0.8
197208,78.8,-2.1
197209,72.5,-1.2
197210,56.3,-5.1
197211,41.8,-4.9
197212,34.3,-0.2
197301,35.3,4.6
197302,32.0,-0.5
197303,50.5,7.2
197304,57.3,0.6
197305,64.7,-4.2
197306,80.5,2.0
197307,82.9,-0.4
197308,82.5,1.6
197309,75.6,1.9
197310,65.4,4.0
197311,48.6,1.9
197312,33.9,-0.6
197401,32.9,2.2
197402,30.9,-1.6
197403,42.4,-0.9
197404,60.0,3.3
197405,65.1,-3.8
197406,76.8,-1.7
197407,85.2,1.9
197408,81.9,1.0
197409,71.2,-2.5
197410,60.6,-0.8
197411,47.6,0.9
197412,34.1,-0.4
197501,34.6,3.9
197502,33.2,0.7
197503,39.5,-3.8
197504,49.9,-6.8
197505,74.3,5.4
197506,78.4,-0.1
197507,83.9,0.6
197508,81.2,0.3
197509,67.1,-6.6
197510,62.8,1.4
197511,54.2,7.5
197512,35.6,1.1
197601,27.1,-3.6
197602,41.6,9.1
197603,48.9,5.6
197604,59.9,3.2
197605,66.4,-2.5
197606,81.2,2.7
197607,83.5,0.2
197608,80.3,-0.6
197609,73.1,-0.6
197610,55.7,-5.7
197611,41.2,-5.5
197612,28.8,-5.7
197701,19.4,-11.3
197702,31.5,-1.0
197703,49.2,5.9
197704,62.9,6.2
197705,76.9,8.0
197706,76.0,-2.5
197707,85.4,2.1
197708,79.4,-1.5
197709,72.8,-0.9
197710,58.4,-3.0
197711,47.0,0.3
197712,32.0,-2.5
197801,25.0,-5.7
197802,24.7,-7.8
197803,37.2,-6.1
197804,56.2,-0.5
197805,69.2,0.3
197806,78.4,-0.1
197807,81.2,-2.1
197808,82.7,1.8
197809,78.8,5.1
197810,59.8,-1.6
197811,48.4,1.7
197812,35.5,1.0
197901,24.7,-6.0
197902,23.4,-9.1
197903,46.5,3.2
197904,53.2,-3.5
197905,67.0,-1.9
197906,79.0,0.5
197907,80.4,-2.9
197908,77.7,-3.2
197909,74.7,1.0
197910,58.6,-2.8
197911,48.1,1.4
197912,38.9,4.4
198001,31.3,0.6
198002,29.3,-3.2
198003,39.2,-4.1
198004,55.5,-1.2
198005,71.2,2.3
198006,75.7,-2.8
198007,83.6,0.3
198008,81.8,0.9
198009,74.1,0.4
198010,55.1,-6.3
198011,45.7,-1.0
198012,33.5,-1.0
198101,26.6,-4.1
198102,35.6,3.1
198103,44.9,1.6
198104,60.2,3.5
198105,66.6,-2.3
198106,78.8,0.3
198107,82.4,-0.9
198108,80.1,-0.8
198109,69.3,-4.4
198110,56.0,-5.4
198111,49.2,2.5
198112,33.6,-0.9
198201,24.8,-5.9
198202,28.5,-4.0
198203,40.6,-2.7
198204,54.0,-2.7
198205,74.9,6.0
198206,74.7,-3.8
198207,83.1,-0.2
198208,79.1,-1.8
198209,72.1,-1.6
198210,63.7,2.3
198211,48.1,1.4
198212,43.4,8.9
198301,33.5,2.8
198302,37.8,5.3
198303,47.0,3.7
198304,52.7,-4.0
198305,65.4,-3.5
198306,79.3,0.8
198307,84.6,1.3
198308,83.9,3.0
198309,76.3,2.6
198310,60.9,-0.5
198311,48.9,2.2
198312,27.0,-7.5
198401,25.3,-5.4
198402,40.8,8.3
198403,35.8,-7.5
198404,56.3,-0.4
198405,64.7,-4.2
198406,82.0,3.5
198407,83.1,-0.2
198408,83.4,2.5
198409,71.2,-2.5
198410,64.0,2.6
198411,47.6,0.9
198412,41.5,7.0
198501,26.2,-4.5
198502,31.2,-1.3
198503,47.0,3.7
198504,63.6,6.9
198505,73.2,4.3
198506,74.8,-3.7
198507,81.7,-1.6
198508,78.0,-2.9
198509,74.3,0.6
198510,61.4,0.0
198511,47.1,0.4
198512,28.8,-5.7
198601,31.2,0.5
198602,30.3,-2.2
198603,47.2,3.9
198604,60.7,4.0
198605,70.1,1.2
198606,78.0,-0.5
198607,84.0,0.7
198608,78.4,-2.5
198609,75.0,1.3
198610,60.7,-0.7
198611,44.3,-2.4
198612,35.1,0.6
198701,31.8,1.1
198702,36.8,4.3
198703,48.7,5.4
198704,59.9,3.2
198705,74.6,5.7
198706,81.9,3.4
198707,85.2,1.9
198708,80.5,-0.4
198709,73.6,-0.1
198710,55.6,-5.8
198711,50.2,3.5
198712,38.2,3.7
198801,30.8,0.1
198802,31.0,-1.5
198803,45.4,2.1
198804,58.5,1.8
198805,73.7,4.8
198806,83.9,5.4
198807,88.8,5.5
198808,85.1,4.2
198809,72.9,-0.8
198810,53.8,-7.6
198811,48.2,1.5
198812,36.0,1.5
198901,39.3,8.6
198902,30.2,-2.3
198903,44.2,0.9
198904,54.1,-2.6
198905,67.3,-1.6
198906,77.0,-1.5
198907,82.6,-0.7
198908,80.2,-0.7
198909,71.2,-2.5
198910,63.0,1.6
198911,45.7,-1.0
198912,25.0,-9.5
199001,39.4,8.7
199002,37.8,5.3
199003,46.9,3.6
199004,59.1,2.4
199005,66.3,-2.6
199006,77.9,-0.6
199007,81.6,-1.7
199008,79.0,-1.9
199009,73.0,-0.7
199010,61.5,0.1
199011,51.9,5.2
199012,39.3,4.8
199101,30.7,0.0
199102,37.6,5.1
199103,48.8,5.5
199104,59.8,3.1
199105,76.1,7.2
199106,82.5,4.0
199107,84.7,1.4
199108,82.6,1.7
199109,72.7,-1.0
199110,62.6,1.2
199111,44.7,-2.0
199112,37.9,3.4
199201,33.2,2.5
199202,36.2,3.7
199203,43.3,0.0
199204,53.9,-2.8
199205,69.2,0.3
199206,75.0,-3.5
199207,76.9,-6.4
199208,75.7,-5.2
199209,70.9,-2.8
199210,58.4,-3.0
199211,43.8,-2.9
199212,36.8,2.3
199301,34.1,3.4
199302,30.6,-1.9
199303,39.4,-3.9
199304,55.9,-0.8
199305,69.9,1.0
199306,75.9,-2.6
199307,83.6,0.3
199308,82.7,1.8
199309,67.3,-6.4
199310,59.6,-1.8
199311,46.2,-0.5
199312,34.7,0.2
199401,23.8,-6.9
199402,30.2,-2.3
199403,44.6,1.3
199404,60.5,3.8
199405,68.4,-0.5
199406,81.3,2.8
199407,82.1,-1.2
199408,77.5,-3.4
199409,75.0,1.3
199410,62.6,1.2
199411,51.7,5.0
199412,40.1,5.6
199501,33.2,2.5
199502,31.5,-1.0
199503,47.9,4.6
199504,53.3,-3.4
199505,68.3,-0.6
199506,80.9,2.4
199507,84.0,0.7
199508,84.5,3.6
199509,72.6,-1.1
199510,63.7,2.3
199511,41.8,-4.9
199512,31.8,-2.7
199601,31.3,0.6
199602,33.1,0.6
199603,39.5,-3.8
199604,55.0,-1.7
199605,65.8,-3.1
199606,79.0,0.5
199607,80.8,-2.5
199608,83.0,2.1
199609,72.8,-0.9
199610,61.3,-0.1
199611,40.5,-6.2
199612,36.5,2.0
199701,30.2,-0.5
199702,37.5,5.0
199703,45.5,2.2
199704,55.8,-0.9
199705,61.8,-7.1
199706,78.4,-0.1
199707,82.0,-1.3
199708,76.1,-4.8
199709,72.3,-1.4
199710,61.4,0.0
199711,42.9,-3.8
199712,36.7,2.2
199801,37.0,6.3
199802,42.6,10.1
199803,46.2,2.9
199804,60.2,3.5
199805,75.7,6.8
199806,78.7,0.2
199807,84.0,0.7
199808,82.6,1.7
199809,79.1,5.4
199810,63.6,2.2
199811,51.4,4.7
199812,43.8,9.3
199901,30.6,-0.1
199902,39.9,7.4
199903,43.7,0.4
199904,60.1,3.4
199905,73.6,4.7
199906,80.9,2.4
199907,86.9,3.6
199908,79.6,-1.3
199909,78.0,4.3
199910,61.5,0.1
199911,54.0,7.3
199912,38.6,4.1
200001,32.5,1.8
200002,39.8,7.3
200003,53.6,10.3
200004,57.4,0.7
200005,71.6,2.7
200006,78.8,0.3
200007,79.1,-4.2
200008,79.6,-1.3
200009,72.4,-1.3
200010,64.6,3.2
200011,46.2,-0.5
200012,26.3,-8.2
200101,32.2,1.5
200102,36.2,3.7
200103,42.4,-0.9
200104,60.7,4.0
200105,70.8,1.9
200106,78.8,0.3
200107,84.0,0.7
200108,83.8,2.9
200109,71.8,-1.9
200110,61.0,-0.4
200111,56.0,9.3
200112,41.7,7.2
200201,39.3,8.6
200202,40.4,7.9
200203,43.3,0.0
200204,58.9,2.2
200205,64.7,-4.2
200206,81.3,2.8
200207,87.4,4.1
200208,82.8,1.9
200209,80.1,6.4
200210,59.0,-2.4
200211,45.3,-1.4
200212,35.1,0.6
200301,26.6,-4.1
200302,30.6,-1.9
200303,45.4,2.1
200304,58.5,1.8
200305,66.1,-2.8
200306,76.3,-2.2
200307,82.4,-0.9
200308,82.2,1.3
200309,72.7,-1.0
200310,60.0,-1.4
200311,51.4,4.7
200312,38.2,3.7
200401,27.2,-3.5
200402,35.7,3.2
200403,47.3,4.0
200404,61.0,4.3
200405,71.0,2.1
200406,77.1,-1.4
200407,80.8,-2.5
200408,77.2,-3.7
200409,77.3,3.6
200410,61.5,0.1
200411,49.6,2.9
200412,35.6,1.1
200501,30.6,-0.1
200502,35.3,2.8
200503,41.1,-2.2
200504,61.2,4.5
200505,66.5,-2.4
200506,84.3,5.8
200507,85.3,2.0
200508,84.2,3.3
200509,78.7,5.0
200510,63.7,2.3
200511,52.0,5.3
200512,30.4,-4.1
200601,40.8,10.1
200602,36.6,4.1
200603,46.2,2.9
200604,62.8,6.1
200605,70.0,1.1
200606,78.7,0.2
200607,85.1,1.8
200608,82.0,1.1
200609,70.7,-3.0
200610,57.9,-3.5
200611,49.6,2.9
200612,42.9,8.4
200701,35.2,4.5
200702,25.8,-6.7
200703,48.9,5.6
200704,56.7,0.0
200705,72.8,3.9
200706,82.2,3.7
200707,82.6,-0.7
200708,82.5,1.6
200709,77.1,3.4
200710,68.3,6.9
200711,47.0,0.3
200712,34.8,0.3
200801,35.0,4.3
200802,31.8,-0.7
200803,40.5,-2.8
200804,62.2,5.5
200805,67.4,-1.5
200806,80.1,1.6
200807,83.2,-0.1
200808,82.2,1.3
200809,76.1,2.4
200810,60.1,-1.3
200811,45.6,-1.1
200812,34.0,-0.5
200901,25.2,-5.5
200902,36.5,4.0
200903,47.6,4.3
200904,59.5,2.8
200905,70.0,1.1
200906,76.9,-1.6
200907,78.4,-4.9
200908,79.8,-1.1
200909,74.8,1.1
200910,57.7,-3.7
200911,52.4,5.7
200912,34.8,0.3
201001,29.8,-0.9
201002,32.7,0.2
201003,51.5,8.2
201004,65.3,8.6
201005,71.8,2.9
201006,80.2,1.7
201007,86.3,3.0
201008,84.5,3.6
201009,73.8,0.1
201010,64.6,3.2
201011,50.6,3.9
201012,30.7,-3.8
201101,27.8,-2.9
201102,32.2,-0.3
201103,42.5,-0.8
201104,56.1,-0.6
201105,69.2,0.3
201106,80.0,1.5
201107,88.8,5.5
201108,81.9,1.0
201109,71.6,-2.1
201110,62.1,0.7
201111,52.9,6.2
201112,40.8,6.3
201201,37.2,6.5
201202,38.9,6.4
201203,60.0,16.7
201204,59.6,2.9
201205,75.7,6.8
201206,82.8,4.3
201207,89.4,6.1
201208,82.7,1.8
201209,73.9,0.2
201210,60.7,-0.7
201211,48.0,1.3
201212,41.6,7.1
201301,36.2,5.5
201302,32.9,0.4
201303,40.8,-2.5
201304,55.6,-1.1
201305,74.3,5.4
201306,78.0,-0.5
201307,81.9,-1.4
201308,80.9,0.0
201309,74.0,0.3
201310,62.5,1.1
201311,44.5,-2.2
201312,33.3,-1.2
201401,24.3,-6.4
201402,26.5,-6.0
201403,37.0,-6.3
201404,59.1,2.4
201405,70.4,1.5
201406,79.8,1.3
201407,79.0,-4.3
201408,79.6,-1.3
201409,72.8,-0.9
201410,60.4,-1.0
201411,42.5,-4.2
201412,39.0,4.5
201501,28.1,-2.6
201502,22.7,-9.8
201503,42.8,-0.5
201504,59.4,2.7
201505,73.9,5.0
201506,78.0,-0.5
201507,81.6,-1.7
201508,80.8,-0.1
201509,78.6,4.9
201510,63.0,1.6
201511,54.8,8.1
201512,46.3,11.8
201601,33.5,2.8
201602,38.8,6.3
201603,51.1,7.8
201604,55.8,-0.9
201605,70.4,1.5
201606,81.7,3.2
201607,85.8,2.5
201608,85.2,4.3
201609,77.1,3.4
201610,64.9,3.5
201611,54.8,8.1
201612,34.2,-0.3
201701,37.0,6.3
201702,45.8,13.3
201703,44.1,0.8
201704,63.9,7.2
201705,67.8,-1.1
201706,81.2,2.7
201707,83.4,0.1
201708,80.6,-0.3
201709,76.9,3.2
201710,66.3,4.9
201711,47.5,0.8
201712,32.7,-1.8
201801,32.1,1.4
201802,38.3,5.8
201803,42.2,-1.1
201804,51.6,-5.1
201805,76.4,7.5
201806,79.8,1.3
201807,85.1,1.8
201808,84.2,3.3
201809,76.7,3.0
201810,60.2,-1.2
201811,41.0,-5.7
201812,39.8,5.3
201901,31.3,0.6
201902,34.9,2.4
201903,42.5,-0.8
201904,57.9,1.2
201905,68.1,-0.8
201906,77.1,-1.4
201907,86.3,3.0
201908,82.2,1.3
201909,76.9,3.2
201910,62.6,1.2
201911,41.9,-4.8
201912,41.1,6.6
202001,37.8,7.1
202002,36.5,4.0
202003,49.5,6.2
202004,55.6,-1.1
202005,67.7,-1.2
202006,83.1,4.6
202007,87.5,4.2
202008,83.7,2.8
202009,74.1,0.4
202010,60.1,-1.3
202011,54.9,8.2
202012,39.3,4.8
202101,34.0,3.3
202102,31.6,-0.9
202103,55.1,11.8
202104,61.8,5.1
202105,70.7,1.8
202106,82.8,4.3
202107,82.9,-0.4
202108,85.6,4.7
202109,77.0,3.3
202110,67.0,5.6
