Nueces County, Texas, Average Temperature
Units: Degrees Fahrenheit
Base Period: 1901-2000
Missing: -99
Date,Value,Anomaly
189501,56.2,0.6
189502,47.7,-11.2
189503,63.7,-1.3
189504,71.2,-0.6
189505,74.9,-2.5
189506,81.3,-0.9
189507,82.6,-1.5
189508,84.8,0.4
189509,82.9,2.2
189510,69.5,-3.8
189511,58.8,-5.4
189512,56.1,-1.3
189601,55.6,0.0
189602,59.1,0.2
189603,62.5,-2.5
189604,74.0,2.2
189605,82.3,4.9
189606,86.1,3.9
189607,86.0,1.9
189608,85.8,1.4
189609,79.1,-1.6
189610,72.1,-1.2
189611,61.9,-2.3
189612,57.6,0.2
189701,52.3,-3.3
189702,62.4,3.5
189703,70.5,5.5
189704,71.6,-0.2
189705,76.8,-0.6
189706,83.9,1.7
189707,86.7,2.6
189708,84.5,0.1
189709,78.8,-1.9
189710,76.0,2.7
189711,64.6,0.4
189712,54.1,-3.3
189801,58.5,2.9
189802,61.8,2.9
189803,65.7,0.7
189804,70.5,-1.3
189805,78.7,1.3
189806,83.9,1.7
189807,84.9,0.8
189808,84.5,0.1
189809,81.6,0.9
189810,71.5,-1.8
189811,59.9,-4.3
189812,52.3,-5.1
189901,54.3,-1.3
189902,50.0,-8.9
189903,68.4,3.4
189904,71.5,-0.3
189905,82.4,5.0
189906,83.9,1.7
189907,85.4,1.3
189908,87.4,3.0
189909,80.3,-0.4
189910,76.0,2.7
189911,64.6,0.4
189912,56.8,-0.6
190001,57.6,2.0
190002,57.6,-1.3
190003,65.6,0.6
190004,70.1,-1.7
190005,76.4,-1.0
190006,84.6,2.4
190007,83.0,-1.1
190008,85.2,0.8
190009,83.5,2.8
190010,76.6,3.3
190011,66.4,2.2
190012,56.9,-0.5
190101,58.0,2.4
190102,56.9,-2.0
190103,66.3,1.3
190104,70.6,-1.2
190105,77.4,0.0
190106,84.2,2.0
190107,84.8,0.7
190108,86.0,1.6
190109,80.5,-0.2
190110,75.6,2.3
190111,63.7,-0.5
190112,55.3,-2.1
190201,55.6,0.0
190202,56.0,-2.9
190203,67.4,2.4
190204,74.6,2.8
190205,80.4,3.0
190206,84.7,2.5
190207,84.9,0.8
190208,87.3,2.9
190209,83.1,2.4
190210,74.4,1.1
190211,69.9,5.7
190212,58.2,0.8
190301,54.0,-1.6
190302,55.5,-3.4
190303,63.7,-1.3
190304,70.2,-1.6
190305,75.9,-1.5
190306,78.7,-3.5
190307,83.4,-0.7
190308,83.3,-1.1
190309,80.2,-0.5
190310,71.8,-1.5
190311,64.3,0.1
190312,56.8,-0.6
190401,54.4,-1.2
190402,63.4,4.5
190403,71.6,6.6
190404,72.2,0.4
190405,75.8,-1.6
190406,81.4,-0.8
190407,81.3,-2.8
190408,82.5,-1.9
190409,81.6,0.9
190410,73.7,0.4
190411,62.7,-1.5
190412,57.3,-0.1
190501,54.3,-1.3
190502,47.6,-11.3
190503,66.5,1.5
190504,71.4,-0.4
190505,79.4,2.0
190506,81.8,-0.4
190507,83.0,-1.1
190508,86.2,1.8
190509,82.8,2.1
190510,73.3,0.0
190511,66.4,2.2
190512,51.6,-5.8
190601,55.3,-0.3
190602,55.1,-3.8
190603,62.1,-2.9
190604,73.3,1.5
190605,78.2,0.8
190606,84.9,2.7
190607,84.8,0.7
190608,83.1,-1.3
190609,82.2,1.5
190610,68.6,-4.7
190611,64.0,-0.2
190612,61.9,4.5
190701,64.7,9.1
190702,60.8,1.9
190703,72.9,7.9
190704,70.3,-1.5
190705,73.8,-3.6
190706,82.6,0.4
190707,83.5,-0.6
190708,84.9,0.5
190709,81.8,1.1
190710,74.9,1.6
190711,58.4,-5.8
190712,57.9,0.5
190801,57.1,1.5
190802,57.9,-1.0
190803,70.0,5.0
190804,73.9,2.1
190805,78.7,1.3
190806,83.8,1.6
190807,83.1,-1.0
190808,83.8,-0.6
190809,78.6,-2.1
190810,69.5,-3.8
190811,64.2,0.0
190812,58.6,1.2
190901,60.4,4.8
190902,61.5,2.6
190903,67.4,2.4
190904,72.6,0.8
190905,76.6,-0.8
190906,82.0,-0.2
190907,84.0,-0.1
190908,83.0,-1.4
190909,77.8,-2.9
190910,71.8,-1.5
190911,71.0,6.8
190912,51.4,-6.0
191001,56.8,1.2
191002,54.7,-4.2
191003,66.7,1.7
191004,69.8,-2.0
191005,75.2,-2.2
191006,80.6,-1.6
191007,83.4,-0.7
191008,84.9,0.5
191009,80.3,-0.4
191010,70.4,-2.9
191011,66.4,2.2
191012,57.4,0.0
191101,61.6,6.0
191102,63.7,4.8
191103,67.8,2.8
191104,72.7,0.9
191105,74.2,-3.2
191106,82.4,0.2
191107,84.1,0.0
191108,86.0,1.6
191109,84.3,3.6
191110,72.8,-0.5
191111,57.8,-6.4
191112,54.0,-3.4
191201,51.4,-4.2
191202,53.2,-5.7
191203,59.7,-5.3
191204,70.6,-1.2
191205,76.3,-1.1
191206,77.8,-4.4
191207,82.9,-1.2
191208,85.2,0.8
191209,81.9,1.2
191210,73.1,-0.2
191211,60.8,-3.4
191212,53.2,-4.2
191301,53.7,-1.9
191302,55.5,-3.4
191303,61.2,-3.8
191304,68.4,-3.4
191305,75.2,-2.2
191306,78.4,-3.8
191307,81.9,-2.2
191308,83.2,-1.2
191309,77.0,-3.7
191310,70.3,-3.0
191311,68.6,4.4
191312,57.2,-0.2
191401,58.7,3.1
191402,56.0,-2.9
191403,59.9,-5.1
191404,68.9,-2.9
191405,75.3,-2.1
191406,80.8,-1.4
191407,84.8,0.7
191408,83.5,-0.9
191409,79.4,-1.3
191410,71.1,-2.2
191411,62.3,-1.9
191412,48.6,-8.8
191501,52.0,-3.6
191502,59.0,0.1
191503,54.7,-10.3
191504,68.5,-3.3
191505,76.3,-1.1
191506,83.3,1.1
191507,84.9,0.8
191508,85.1,0.7
191509,81.6,0.9
191510,72.3,-1.0
191511,66.8,2.6
191512,59.9,2.5
191601,61.5,5.9
191602,60.4,1.5
191603,68.0,3.0
191604,70.1,-1.7
191605,79.2,1.8
191606,85.3,3.1
191607,82.5,-1.6
191608,81.2,-3.2
191609,78.5,-2.2
191610,71.4,-1.9
191611,61.0,-3.2
191612,57.5,0.1
191701,56.7,1.1
191702,60.0,1.1
191703,65.0,0.0
191704,70.2,-1.6
191705,74.4,-3.0
191706,82.7,0.5
191707,84.4,0.3
191708,85.6,1.2
191709,79.0,-1.7
191710,70.7,-2.6
191711,63.8,-0.4
191712,54.8,-2.6
191801,50.0,-5.6
191802,57.7,-1.2
191803,67.8,2.8
191804,71.5,-0.3
191805,76.3,-1.1
191806,82.6,0.4
191807,84.4,0.3
191808,84.9,0.5
191809,78.3,-2.4
191810,72.8,-0.5
191811,61.0,-3.2
191812,57.5,0.1
191901,50.4,-5.2
191902,55.2,-3.7
191903,63.1,-1.9
191904,69.5,-2.3
191905,74.4,-3.0
191906,78.0,-4.2
191907,80.6,-3.5
191908,82.8,-1.6
191909,79.2,-1.5
191910,75.9,2.6
191911,64.2,0.0
191912,55.3,-2.1
192001,50.7,-4.9
192002,58.9,0.0
192003,61.2,-3.8
192004,71.4,-0.4
192005,77.8,0.4
192006,79.3,-2.9
192007,83.9,-0.2
192008,84.4,0.0
192009,83.0,2.3
192010,72.4,-0.9
192011,60.9,-3.3
192012,56.3,-1.1
192101,60.9,5.3
192102,59.5,0.6
192103,68.9,3.9
192104,70.0,-1.8
192105,74.9,-2.5
192106,82.6,0.4
192107,84.8,0.7
192108,84.4,0.0
192109,82.2,1.5
192110,72.6,-0.7
192111,68.6,4.4
192112,63.6,6.2
192201,51.8,-3.8
192202,61.1,2.2
192203,63.4,-1.6
192204,74.3,2.5
192205,79.2,1.8
192206,80.4,-1.8
192207,84.5,0.4
192208,85.1,0.7
192209,79.7,-1.0
192210,70.0,-3.3
192211,62.3,-1.9
192212,60.3,2.9
192301,60.9,5.3
192302,56.4,-2.5
192303,60.8,-4.2
192304,72.0,0.2
192305,79.7,2.3
192306,84.0,1.8
192307,84.6,0.5
192308,85.1,0.7
192309,80.8,0.1
192310,69.9,-3.4
192311,59.1,-5.1
192312,56.0,-1.4
192401,49.5,-6.1
192402,56.0,-2.9
192403,60.1,-4.9
192404,70.8,-1.0
192405,74.0,-3.4
192406,81.7,-0.5
192407,82.4,-1.7
192408,85.8,1.4
192409,79.9,-0.8
192410,72.4,-0.9
192411,67.9,3.7
192412,54.0,-3.4
192501,52.0,-3.6
192502,61.6,2.7
192503,66.7,1.7
192504,74.8,3.0
192505,78.1,0.7
192506,82.9,0.7
192507,86.6,2.5
192508,84.8,0.4
192509,80.2,-0.5
192510,73.2,-0.1
192511,61.0,-3.2
192512,49.6,-7.8
192601,50.9,-4.7
192602,60.4,1.5
192603,61.1,-3.9
192604,68.1,-3.7
192605,75.4,-2.0
192606,80.6,-1.6
192607,81.8,-2.3
192608,84.0,-0.4
192609,82.9,2.2
192610,76.6,3.3
192611,61.3,-2.9
192612,57.1,-0.3
192701,58.6,3.0
192702,63.6,4.7
192703,64.3,-0.7
192704,74.6,2.8
192705,81.0,3.6
192706,81.3,-0.9
192707,83.4,-0.7
192708,84.6,0.2
192709,81.4,0.7
192710,74.2,0.9
192711,70.1,5.9
192712,53.2,-4.2
192801,55.2,-0.4
192802,57.3,-1.6
192803,67.0,2.0
192804,69.1,-2.7
192805,76.4,-1.0
192806,84.0,1.8
192807,85.7,1.6
192808,85.3,0.9
192809,78.0,-2.7
192810,73.8,0.5
192811,61.4,-2.8
192812,54.4,-3.0
192901,56.7,1.1
192902,53.4,-5.5
192903,65.8,0.8
192904,75.4,3.6
192905,77.1,-0.3
192906,80.4,-1.8
192907,80.7,-3.4
192908,83.7,-0.7
192909,81.2,0.5
192910,72.9,-0.4
192911,57.7,-6.5
192912,55.2,-2.2
193001,48.0,-7.6
193002,62.7,3.8
193003,60.3,-4.7
193004,71.6,-0.2
193005,77.2,-0.2
193006,79.6,-2.6
193007,83.0,-1.1
193008,83.8,-0.6
193009,82.2,1.5
193010,72.2,-1.1
193011,61.8,-2.4
193012,53.1,-4.3
193101,54.2,-1.4
193102,58.8,-0.1
193103,58.5,-6.5
193104,64.7,-7.1
193105,73.5,-3.9
193106,80.9,-1.3
193107,81.6,-2.5
193108,81.6,-2.8
193109,81.4,0.7
193110,77.3,4.0
193111,68.8,4.6
193112,58.4,1.0
193201,58.9,3.3
193202,64.4,5.5
193203,60.3,-4.7
193204,70.7,-1.1
193205,74.8,-2.6
193206,82.4,0.2
193207,84.0,-0.1
193208,84.3,-0.1
193209,80.0,-0.7
193210,72.4,-0.9
193211,58.6,-5.6
193212,52.1,-5.3
193301,60.2,4.6
193302,56.6,-2.3
193303,67.4,2.4
193304,73.6,1.8
193305,80.7,3.3
193306,80.5,-1.7
193307,83.6,-0.5
193308,81.8,-2.6
193309,81.2,0.5
193310,74.6,1.3
193311,65.3,1.1
193312,65.5,8.1
193401,58.1,2.5
193402,58.4,-0.5
193403,60.9,-4.1
193404,72.2,0.4
193405,77.3,-0.1
193406,83.6,1.4
193407,83.8,-0.3
193408,83.9,-0.5
193409,79.4,-1.3
193410,75.4,2.1
193411,66.7,2.5
193412,58.8,1.4
193501,60.5,4.9
193502,57.0,-1.9
193503,69.4,4.4
193504,73.6,1.8
193505,77.5,0.1
193506,80.1,-2.1
193507,83.2,-0.9
193508,85.5,1.1
193509,78.8,-1.9
193510,74.2,0.9
193511,63.6,-0.6
193512,54.7,-2.7
193601,52.4,-3.2
193602,52.9,-6.0
193603,66.5,1.5
193604,68.4,-3.4
193605,74.8,-2.6
193606,81.5,-0.7
193607,81.8,-2.3
193608,83.0,-1.4
193609,78.7,-2.0
193610,67.9,-5.4
193611,61.1,-3.1
193612,59.1,1.7
193701,56.5,0.9
193702,60.1,1.2
193703,60.2,-4.8
193704,71.9,0.1
193705,77.5,0.1
193706,84.3,2.1
193707,84.0,-0.1
193708,86.6,2.2
193709,82.4,1.7
193710,75.4,2.1
193711,61.7,-2.5
193712,56.6,-0.8
193801,57.2,1.6
193802,62.5,3.6
193803,71.4,6.4
193804,70.7,-1.1
193805,77.7,0.3
193806,83.4,1.2
193807,86.1,2.0
193808,84.8,0.4
193809,79.7,-1.0
193810,73.9,0.6
193811,62.3,-1.9
193812,57.4,0.0
193901,56.0,0.4
193902,58.7,-0.2
193903,66.4,1.4
193904,74.0,2.2
193905,79.9,2.5
193906,81.8,-0.4
193907,85.8,1.7
193908,84.7,0.3
193909,80.6,-0.1
193910,74.0,0.7
193911,60.2,-4.0
193912,59.9,2.5
194001,46.4,-9.2
194002,59.4,0.5
194003,65.5,0.5
194004,72.3,0.5
194005,76.8,-0.6
194006,80.6,-1.6
194007,84.4,0.3
194008,86.0,1.6
194009,79.6,-1.1
194010,73.2,-0.1
194011,62.4,-1.8
194012,58.7,1.3
194101,57.6,2.0
194102,55.1,-3.8
194103,57.6,-7.4
194104,70.9,-0.9
194105,75.8,-1.6
194106,80.3,-1.9
194107,83.9,-0.2
194108,85.1,0.7
194109,83.1,2.4
194110,78.0,4.7
194111,61.5,-2.7
194112,57.4,0.0
194201,52.6,-3.0
194202,56.6,-2.3
194203,63.1,-1.9
194204,71.2,-0.6
194205,76.5,-0.9
194206,83.4,1.2
194207,81.8,-2.3
194208,82.9,-1.5
194209,77.7,-3.0
194210,72.9,-0.4
194211,66.2,2.0
194212,59.5,2.1
194301,55.8,0.2
194302,62.0,3.1
194303,63.4,-1.6
194304,74.0,2.2
194305,79.2,1.8
194306,81.5,-0.7
194307,84.9,0.8
194308,86.4,2.0
194309,79.2,-1.5
194310,70.8,-2.5
194311,62.0,-2.2
194312,55.0,-2.4
194401,54.2,-1.4
194402,63.4,4.5
194403,64.4,-0.6
194404,72.4,0.6
194405,75.0,-2.4
194406,82.2,0.0
194407,85.8,1.7
194408,85.1,0.7
194409,79.7,-1.0
194410,71.9,-1.4
194411,63.9,-0.3
194412,54.7,-2.7
194501,56.4,0.8
194502,62.4,3.5
194503,72.0,7.0
194504,73.1,1.3
194505,77.5,0.1
194506,82.7,0.5
194507,84.8,0.7
194508,84.1,-0.3
194509,81.6,0.9
194510,73.0,-0.3
194511,71.1,6.9
194512,57.5,0.1
194601,55.3,-0.3
194602,60.9,2.0
194603,68.0,3.0
194604,73.2,1.4
194605,78.8,1.4
194606,81.0,-1.2
194607,84.4,0.3
194608,84.2,-0.2
194609,81.4,0.7
194610,75.4,2.1
194611,65.4,1.2
194612,60.8,3.4
194701,54.0,-1.6
194702,54.4,-4.5
194703,60.9,-4.1
194704,71.4,-0.4
194705,76.4,-1.0
194706,82.4,0.2
194707,84.4,0.3
194708,83.2,-1.2
194709,81.1,0.4
194710,77.7,4.4
194711,64.1,-0.1
194712,57.2,-0.2
194801,51.8,-3.8
194802,57.5,-1.4
194803,62.8,-2.2
194804,73.2,1.4
194805,79.2,1.8
194806,82.7,0.5
194807,85.5,1.4
194808,84.7,0.3
194809,79.8,-0.9
194810,73.6,0.3
194811,64.4,0.2
194812,63.0,5.6
194901,52.9,-2.7
194902,61.3,2.4
194903,66.0,1.0
194904,68.8,-3.0
194905,79.2,1.8
194906,84.1,1.9
194907,84.5,0.4
194908,83.6,-0.8
194909,81.8,1.1
194910,74.2,0.9
194911,66.2,2.0
194912,61.9,4.5
195001,64.8,9.2
195002,64.3,5.4
195003,64.7,-0.3
195004,72.1,0.3
195005,80.7,3.3
195006,83.2,1.0
195007,85.3,1.2
195008,85.1,0.7
195009,82.9,2.2
195010,77.2,3.9
195011,65.0,0.8
195012,59.1,1.7
195101,56.8,1.2
195102,58.3,-0.6
195103,65.8,0.8
195104,71.5,-0.3
195105,77.6,0.2
195106,83.7,1.5
195107,85.8,1.7
195108,86.0,1.6
195109,81.2,0.5
195110,75.6,2.3
195111,62.9,-1.3
195112,61.2,3.8
195201,63.9,8.3
195202,62.4,3.5
195203,65.5,0.5
195204,69.5,-2.3
195205,75.5,-1.9
195206,81.9,-0.3
195207,83.5,-0.6
195208,85.4,1.0
195209,79.7,-1.0
195210,68.9,-4.4
195211,63.0,-1.2
195212,56.2,-1.2
195301,60.2,4.6
195302,59.2,0.3
195303,71.1,6.1
195304,74.3,2.5
195305,78.9,1.5
195306,86.0,3.8
195307,87.1,3.0
195308,83.8,-0.6
195309,80.5,-0.2
195310,73.9,0.6
195311,63.8,-0.4
195312,54.0,-3.4
195401,58.8,3.2
195402,64.2,5.3
195403,65.3,0.3
195404,73.9,2.1
195405,75.3,-2.1
195406,82.8,0.6
195407,85.2,1.1
195408,85.6,1.2
195409,83.4,2.7
195410,74.8,1.5
195411,64.1,-0.1
195412,61.4,4.0
195501,57.2,1.6
195502,59.3,0.4
195503,67.0,2.0
195504,75.1,3.3
195505,80.3,2.9
195506,82.1,-0.1
195507,84.1,0.0
195508,84.4,0.0
195509,80.2,-0.5
195510,71.9,-1.4
195511,63.1,-1.1
195512,58.0,0.6
195601,57.7,2.1
195602,61.5,2.6
195603,64.5,-0.5
195604,71.1,-0.7
195605,77.6,0.2
195606,82.7,0.5
195607,83.8,-0.3
195608,84.6,0.2
195609,81.2,0.5
195610,76.0,2.7
195611,61.8,-2.4
195612,59.9,2.5
195701,59.0,3.4
195702,66.3,7.4
195703,66.0,1.0
195704,71.4,-0.4
195705,77.8,0.4
195706,81.5,-0.7
195707,84.6,0.5
195708,85.0,0.6
195709,79.5,-1.2
195710,71.3,-2.0
195711,62.0,-2.2
195712,60.3,2.9
195801,53.7,-1.9
195802,55.8,-3.1
195803,59.7,-5.3
195804,71.4,-0.4
195805,77.4,0.0
195806,83.8,1.6
195807,85.0,0.9
195808,85.6,1.2
195809,81.2,0.5
195810,71.2,-2.1
195811,64.6,0.4
195812,53.9,-3.5
195901,51.9,-3.7
195902,57.2,-1.7
195903,63.1,-1.9
195904,67.9,-3.9
195905,78.6,1.2
195906,82.2,0.0
195907,84.1,0.0
195908,83.8,-0.6
195909,82.0,1.3
195910,73.8,0.5
195911,58.6,-5.6
195912,58.4,1.0
196001,54.9,-0.7
196002,54.8,-4.1
196003,59.1,-5.9
196004,71.5,-0.3
196005,75.5,-1.9
196006,82.9,0.7
196007,84.8,0.7
196008,83.7,-0.7
196009,79.4,-1.3
196010,75.5,2.2
196011,65.7,1.5
196012,54.0,-3.4
196101,50.7,-4.9
196102,58.9,0.0
196103,67.5,2.5
196104,70.0,-1.8
196105,78.4,1.0
196106,81.6,-0.6
196107,82.8,-1.3
196108,82.6,-1.8
196109,79.6,-1.1
196110,72.4,-0.9
196111,61.8,-2.4
196112,58.6,1.2
196201,49.8,-5.8
196202,67.1,8.2
196203,62.2,-2.8
196204,71.8,0.0
196205,78.2,0.8
196206,82.4,0.2
196207,85.4,1.3
196208,86.6,2.2
196209,82.6,1.9
196210,78.6,5.3
196211,64.5,0.3
196212,55.7,-1.7
196301,49.4,-6.2
196302,55.9,-3.0
196303,67.9,2.9
196304,77.2,5.4
196305,79.1,1.7
196306,83.4,1.2
196307,84.3,0.2
196308,85.1,0.7
196309,81.5,0.8
196310,75.4,2.1
196311,67.2,3.0
196312,50.3,-7.1
196401,55.4,-0.2
196402,54.3,-4.6
196403,64.8,-0.2
196404,74.4,2.6
196405,79.0,1.6
196406,81.8,-0.4
196407,84.4,0.3
196408,85.4,1.0
196409,81.4,0.7
196410,70.6,-2.7
196411,68.0,3.8
196412,56.5,-0.9
196501,59.5,3.9
196502,56.1,-2.8
196503,59.9,-5.1
196504,73.9,2.1
196505,78.1,0.7
196506,82.4,0.2
196507,84.6,0.5
196508,83.2,-1.2
196509,82.4,1.7
196510,70.3,-3.0
196511,71.0,6.8
196512,61.5,4.1
196601,50.3,-5.3
196602,53.7,-5.2
196603,63.6,-1.4
196604,71.8,0.0
196605,75.1,-2.3
196606,79.7,-2.5
196607,83.6,-0.5
196608,84.1,-0.3
196609,80.9,0.2
196610,72.2,-1.1
196611,66.9,2.7
196612,57.5,0.1
196701,55.4,-0.2
196702,57.4,-1.5
196703,68.3,3.3
196704,77.2,5.4
196705,78.0,0.6
196706,82.2,0.0
196707,83.7,-0.4
196708,80.9,-3.5
196709,77.1,-3.6
196710,71.3,-2.0
196711,65.2,1.0
196712,55.8,-1.6
196801,52.4,-3.2
196802,52.6,-6.3
196803,60.3,-4.7
196804,71.6,-0.2
196805,77.2,-0.2
196806,80.6,-1.6
196807,82.0,-2.1
196808,83.2,-1.2
196809,78.8,-1.9
196810,74.6,1.3
196811,63.1,-1.1
196812,58.6,1.2
196901,58.4,2.8
196902,60.3,1.4
196903,58.6,-6.4
196904,71.5,-0.3
196905,75.7,-1.7
196906,82.5,0.3
196907,86.3,2.2
196908,84.8,0.4
196909,80.8,0.1
196910,73.1,-0.2
196911,62.6,-1.6
196912,60.4,3.0
197001,50.6,-5.0
197002,58.9,0.0
197003,60.9,-4.1
197004,72.5,0.7
197005,73.7,-3.7
197006,80.1,-2.1
197007,82.7,-1.4
197008,83.7,-0.7
197009,79.7,-1.0
197010,70.8,-2.5
197011,62.0,-2.2
197012,65.1,7.7
197101,60.8,5.2
197102,61.4,2.5
197103,68.0,3.0
197104,70.1,-1.7
197105,77.8,0.4
197106,82.4,0.2
197107,84.0,-0.1
197108,81.7,-2.7
197109,79.5,-1.2
197110,74.6,1.3
197111,66.1,1.9
197112,62.8,5.4
197201,59.6,4.0
197202,59.3,0.4
197203,68.8,3.8
197204,75.5,3.7
197205,75.8,-1.6
197206,81.1,-1.1
197207,82.2,-1.9
197208,82.6,-1.8
197209,82.2,1.5
197210,74.6,1.3
197211,58.3,-5.9
197212,53.6,-3.8
197301,50.0,-5.6
197302,54.5,-4.4
197303,67.9,2.9
197304,68.2,-3.6
197305,76.2,-1.2
197306,80.1,-2.1
197307,83.7,-0.4
197308,81.8,-2.6
197309,80.4,-0.3
197310,74.7,1.4
197311,70.9,6.7
197312,58.8,1.4
197401,55.9,0.3
197402,60.5,1.6
197403,69.0,4.0
197404,72.1,0.3
197405,79.4,2.0
197406,80.4,-1.8
197407,83.0,-1.1
197408,83.9,-0.5
197409,76.9,-3.8
197410,72.8,-0.5
197411,62.5,-1.7
197412,55.7,-1.7
197501,58.5,2.9
197502,59.2,0.3
197503,66.8,1.8
197504,72.9,1.1
197505,78.9,1.5
197506,82.1,-0.1
197507,82.9,-1.2
197508,82.5,-1.9
197509,77.9,-2.8
197510,72.8,-0.5
197511,65.2,1.0
197512,57.3,-0.1
197601,55.1,-0.5
197602,63.4,4.5
197603,67.1,2.1
197604,71.8,0.0
197605,73.5,-3.9
197606,81.1,-1.1
197607,80.8,-3.3
197608,82.4,-2.0
197609,80.3,-0.4
197610,66.0,-7.3
197611,55.7,-8.5
197612,52.7,-4.7
197701,48.3,-7.3
197702,57.4,-1.5
197703,65.6,0.6
197704,70.3,-1.5
197705,77.3,-0.1
197706,82.2,0.0
197707,84.0,-0.1
197708,85.8,1.4
197709,84.2,3.5
197710,74.3,1.0
197711,66.6,2.4
197712,60.1,2.7
197801,48.0,-7.6
197802,50.5,-8.4
197803,63.3,-1.7
197804,71.3,-0.5
197805,79.8,2.4
197806,82.8,0.6
197807,84.9,0.8
197808,83.7,-0.7
197809,80.1,-0.6
197810,72.1,-1.2
197811,66.6,2.4
197812,57.4,0.0
197901,49.2,-6.4
197902,55.5,-3.4
197903,66.4,1.4
197904,72.5,0.7
197905,75.4,-2.0
197906,81.0,-1.2
197907,84.4,0.3
197908,83.8,-0.6
197909,77.0,-3.7
197910,74.6,1.3
197911,61.9,-2.3
197912,57.0,-0.4
198001,58.3,2.7
198002,56.3,-2.6
198003,65.5,0.5
198004,69.7,-2.1
198005,78.3,0.9
198006,85.0,2.8
198007,86.4,2.3
198008,83.6,-0.8
198009,82.6,1.9
198010,71.2,-2.1
198011,60.0,-4.2
198012,57.7,0.3
198101,54.8,-0.8
198102,58.5,-0.4
198103,63.8,-1.2
198104,74.6,2.8
198105,77.3,-0.1
198106,82.5,0.3
198107,83.5,-0.6
198108,84.6,0.2
198109,80.7,0.0
198110,74.9,1.6
198111,67.8,3.6
198112,59.2,1.8
198201,57.2,1.6
198202,56.3,-2.6
198203,67.3,2.3
198204,71.5,-0.3
198205,76.6,-0.8
198206,83.4,1.2
198207,85.1,1.0
198208,85.3,0.9
198209,82.2,1.5
198210,73.3,0.0
198211,64.9,0.7
198212,58.4,1.0
198301,54.8,-0.8
198302,57.7,-1.2
198303,64.3,-0.7
198304,69.5,-2.3
198305,76.5,-0.9
198306,81.6,-0.6
198307,83.6,-0.5
198308,84.9,0.5
198309,79.8,-0.9
198310,74.2,0.9
198311,67.8,3.6
198312,48.9,-8.5
198401,50.7,-4.9
198402,59.4,0.5
198403,66.8,1.8
198404,73.9,2.1
198405,77.4,0.0
198406,82.2,0.0
198407,83.8,-0.3
198408,84.1,-0.3
198409,78.6,-2.1
198410,75.7,2.4
198411,64.9,0.7
198412,65.4,8.0
198501,48.9,-6.7
198502,53.7,-5.2
198503,67.5,2.5
198504,72.9,1.1
198505,78.3,0.9
198506,81.2,-1.0
198507,83.1,-1.0
198508,85.3,0.9
198509,81.2,0.5
198510,75.1,1.8
198511,69.1,4.9
198512,55.4,-2.0
198601,57.6,2.0
198602,62.0,3.1
198603,65.8,0.8
198604,74.6,2.8
198605,77.5,0.1
198606,82.3,0.1
198607,84.4,0.3
198608,84.2,-0.2
198609,83.4,2.7
198610,73.3,0.0
198611,64.3,0.1
198612,55.2,-2.2
198701,55.0,-0.6
198702,59.8,0.9
198703,62.0,-3.0
198704,68.0,-3.8
198705,78.4,1.0
198706,81.3,-0.9
198707,83.7,-0.4
198708,84.9,0.5
198709,81.4,0.7
198710,72.8,-0.5
198711,64.2,0.0
198712,60.2,2.8
198801,52.1,-3.5
198802,57.7,-1.2
198803,64.1,-0.9
198804,71.8,0.0
198805,76.8,-0.6
198806,81.8,-0.4
198807,85.4,1.3
198808,85.4,1.0
198809,80.9,0.2
198810,74.8,1.5
198811,69.6,5.4
198812,60.8,3.4
198901,61.3,5.7
198902,57.2,-1.7
198903,64.9,-0.1
198904,72.2,0.4
198905,82.1,4.7
198906,83.8,1.6
198907,84.4,0.3
198908,84.6,0.2
198909,80.0,-0.7
198910,73.9,0.6
198911,67.5,3.3
198912,47.6,-9.8
199001,61.0,5.4
199002,63.3,4.4
199003,66.4,1.4
199004,72.2,0.4
199005,79.7,2.3
199006,85.2,3.0
199007,83.5,-0.6
199008,85.3,0.9
199009,81.6,0.9
199010,72.9,-0.4
199011,67.9,3.7
199012,57.7,0.3
199101,53.6,-2.0
199102,61.0,2.1
199103,69.2,4.2
199104,75.4,3.6
199105,79.0,1.6
199106,83.6,1.4
199107,84.0,-0.1
199108,85.6,1.2
199109,79.1,-1.6
199110,75.3,2.0
199111,60.9,-3.3
199112,61.0,3.6
199201,54.5,-1.1
199202,62.6,3.7
199203,67.7,2.7
199204,70.4,-1.4
199205,75.3,-2.1
199206,82.4,0.2
199207,84.5,0.4
199208,83.1,-1.3
199209,81.8,1.1
199210,74.8,1.5
199211,62.8,-1.4
199212,60.2,2.8
199301,56.1,0.5
199302,61.0,2.1
199303,65.3,0.3
199304,69.8,-2.0
199305,75.2,-2.2
199306,81.6,-0.6
199307,84.3,0.2
199308,84.9,0.5
199309,82.3,1.6
199310,73.6,0.3
199311,61.2,-3.0
199312,60.3,2.9
199401,58.6,3.0
199402,59.4,0.5
199403,66.5,1.5
199404,71.9,0.1
199405,77.5,0.1
199406,83.2,1.0
199407,85.0,0.9
199408,84.0,-0.4
199409,79.0,-1.7
199410,74.7,1.4
199411,70.6,6.4
199412,62.2,4.8
199501,58.1,2.5
199502,62.4,3.5
199503,64.5,-0.5
199504,71.4,-0.4
199505,80.0,2.6
199506,81.4,-0.8
199507,85.5,1.4
199508,84.6,0.2
199509,81.8,1.1
199510,73.8,0.5
199511,64.3,0.1
199512,60.6,3.2
199601,57.2,1.6
199602,61.3,2.4
199603,61.0,-4.0
199604,70.4,-1.4
199605,81.7,4.3
199606,84.2,2.0
199607,86.0,1.9
199608,84.4,0.0
199609,81.8,1.1
199610,75.2,1.9
199611,67.6,3.4
199612,60.7,3.3
199701,54.3,-1.3
199702,59.8,0.9
199703,68.7,3.7
199704,68.5,-3.3
199705,76.5,-0.9
199706,82.4,0.2
199707,85.7,1.6
199708,86.2,1.8
199709,82.8,2.1
199710,72.9,-0.4
199711,61.8,-2.4
199712,56.8,-0.6
199801,62.4,6.8
199802,62.1,3.2
199803,64.9,-0.1
199804,71.0,-0.8
199805,80.7,3.3
199806,87.0,4.8
199807,87.4,3.3
199808,86.2,1.8
199809,82.9,2.2
199810,75.5,2.2
199811,69.0,4.8
199812,58.9,1.5
199901,61.0,5.4
199902,67.0,8.1
199903,68.5,3.5
199904,75.4,3.6
199905,79.3,1.9
199906,83.6,1.4
199907,83.6,-0.5
199908,85.4,1.0
199909,80.2,-0.5
199910,72.3,-1.0
199911,67.5,3.3
199912,59.4,2.0
200001,62.7,7.1
200002,67.7,8.8
200003,71.7,6.7
200004,73.5,1.7
200005,80.9,3.5
200006,83.4,1.2
200007,86.3,2.2
200008,85.5,1.1
200009,82.6,1.9
200010,75.4,2.1
200011,63.6,-0.6
200012,53.4,-4.0
200101,55.0,-0.6
200102,64.0,5.1
200103,62.1,-2.9
200104,75.1,3.3
200105,79.2,1.8
200106,84.6,2.4
200107,85.9,1.8
200108,85.8,1.4
200109,80.3,-0.4
200110,73.4,0.1
200111,67.8,3.6
200112,60.0,2.6
200201,59.8,4.2
200202,56.9,-2.0
200203,66.2,1.2
200204,77.4,5.6
200205,80.3,2.9
200206,84.0,1.8
200207,84.5,0.4
200208,85.9,1.5
200209,80.6,-0.1
200210,75.5,2.2
200211,62.8,-1.4
200212,59.2,1.8
200301,53.9,-1.7
200302,58.0,-0.9
200303,64.5,-0.5
200304,72.5,0.7
200305,82.2,4.8
200306,83.9,1.7
200307,83.8,-0.3
200308,85.1,0.7
200309,79.5,-1.2
200310,73.8,0.5
200311,68.4,4.2
200312,59.1,1.7
200401,59.1,3.5
200402,58.6,-0.3
200403,71.0,6.0
200404,71.4,-0.4
200405,77.0,-0.4
200406,83.0,0.8
200407,84.0,-0.1
200408,84.4,0.0
200409,81.2,0.5
200410,79.6,6.3
200411,67.5,3.3
200412,56.7,-0.7
200501,60.8,5.2
200502,62.8,3.9
200503,66.8,1.8
200504,72.5,0.7
200505,77.7,0.3
200506,83.4,1.2
200507,85.9,1.8
200508,87.1,2.7
200509,84.7,4.0
200510,74.4,1.1
200511,68.3,4.1
200512,58.1,0.7
200601,62.6,7.0
200602,61.1,2.2
200603,71.4,6.4
200604,77.5,5.7
200605,80.9,3.5
200606,82.9,0.7
200607,83.7,-0.4
200608,86.1,1.7
200609,80.8,0.1
200610,75.6,2.3
200611,68.3,4.1
200612,58.6,1.2
200701,53.2,-2.4
200702,59.6,0.7
200703,69.8,4.8
200704,69.6,-2.2
200705,77.8,0.4
200706,82.7,0.5
200707,82.3,-1.8
200708,84.3,-0.1
200709,82.0,1.3
200710,75.3,2.0
200711,67.0,2.8
200712,62.3,4.9
200801,56.4,0.8
200802,65.5,6.6
200803,67.4,2.4
200804,73.2,1.4
200805,80.6,3.2
200806,84.6,2.4
200807,82.3,-1.8
200808,83.8,-0.6
200809,79.8,-0.9
200810,72.7,-0.6
200811,66.8,2.6
200812,59.7,2.3
200901,59.5,3.9
200902,65.9,7.0
200903,67.1,2.1
200904,74.3,2.5
200905,81.2,3.8
200906,84.9,2.7
200907,87.7,3.6
200908,87.5,3.1
200909,81.0,0.3
200910,75.4,2.1
200911,64.9,0.7
200912,52.9,-4.5
201001,54.8,-0.8
201002,54.5,-4.4
201003,63.7,-1.3
201004,72.0,0.2
201005,79.8,2.4
201006,84.0,1.8
201007,83.9,-0.2
201008,86.2,1.8
201009,80.8,0.1
201010,73.7,0.4
201011,65.6,1.4
201012,59.9,2.5
201101,55.7,0.1
201102,59.1,0.2
201103,69.9,4.9
201104,76.6,4.8
201105,78.8,1.4
201106,84.0,1.8
201107,85.9,1.8
201108,87.8,3.4
201109,83.8,3.1
201110,74.7,1.4
201111,67.2,3.0
201112,58.8,1.4
201201,61.4,5.8
201202,62.4,3.5
201203,71.4,6.4
201204,76.6,4.8
201205,79.8,2.4
201206,84.7,2.5
201207,85.2,1.1
201208,86.6,2.2
201209,82.0,1.3
201210,75.6,2.3
201211,68.3,4.1
201212,63.3,5.9
201301,59.1,3.5
201302,64.4,5.5
201303,67.2,2.2
201304,71.2,-0.6
201305,78.0,0.6
201306,84.7,2.5
201307,85.0,0.9
201308,85.7,1.3
201309,82.8,2.1
201310,76.4,3.1
201311,62.6,-1.6
201312,55.8,-1.6
201401,54.3,-1.3
201402,58.5,-0.4
201403,63.1,-1.9
201404,72.8,1.0
201405,76.3,-1.1
201406,84.9,2.7
201407,85.0,0.9
201408,86.6,2.2
201409,82.3,1.6
201410,76.8,3.5
201411,61.5,-2.7
201412,61.3,3.9
201501,52.3,-3.3
201502,57.5,-1.4
201503,63.2,-1.8
201504,74.0,2.2
201505,79.0,1.6
201506,82.8,0.6
201507,85.0,0.9
201508,85.1,0.7
201509,82.1,1.4
201510,76.8,3.5
201511,67.2,3.0
201512,62.3,4.9
201601,55.8,0.2
201602,63.2,4.3
201603,70.6,5.6
201604,74.6,2.8
201605,79.2,1.8
201606,83.3,1.1
201607,86.9,2.8
201608,85.7,1.3
201609,84.0,3.3
201610,77.9,4.6
201611,71.5,7.3
201612,62.1,4.7
201701,62.8,7.2
201702,70.0,11.1
201703,71.6,6.6
201704,75.1,3.3
201705,78.4,1.0
201706,84.4,2.2
201707,86.0,1.9
201708,86.0,1.6
201709,82.1,1.4
201710,74.7,1.4
201711,70.8,6.6
201712,57.6,0.2
201801,53.7,-1.9
201802,65.0,6.1
201803,71.7,6.7
201804,71.5,-0.3
201805,81.3,3.9
201806,85.3,3.1
201807,84.8,0.7
201808,85.8,1.4
201809,82.1,1.4
201810,73.9,0.6
201811,62.4,-1.8
201812,60.0,2.6
201901,57.9,2.3
201902,62.7,3.8
201903,65.5,0.5
201904,72.4,0.6
201905,80.6,3.2
201906,85.3,3.1
201907,85.9,1.8
201908,88.1,3.7
201909,85.2,4.5
201910,75.9,2.6
201911,63.1,-1.1
201912,60.9,3.5
202001,62.7,7.1
202002,60.8,1.9
202003,74.2,9.2
202004,74.8,3.0
202005,80.1,2.7
202006,82.2,0.0
202007,85.9,1.8
202008,86.4,2.0
202009,81.8,1.1
202010,75.1,1.8
202011,70.9,6.7
202012,59.8,2.4
202101,59.4,3.8
202102,56.3,-2.6
202103,68.8,3.8
202104,73.2,1.4
202105,78.4,1.0
202106,83.4,1.2
202107,83.8,-0.3
202108,85.6,1.2
202109,83.0,2.3
202110,77.5,4.2
